0,0.11245536804199219,0.11245536804199219,1.078615427017212,7.232455253601074,1.6964354515075684,1.6964354515075684,1.6964354515075684,1.6964354515075684,1.6964354515075684,1.6964354515075684,1.6964354515075684,1.6964354515075684,1.6964354515075684,1.6964354515075684
0,0.44742631912231445,0.44742631912231445,2.63692307472229,2.63692307472229,4.940270900726318,4.940270900726318,3.3076400756835938,3.3076400756835938,3.3076400756835938,3.3076400756835938,3.3076400756835938,3.3076400756835938,3.3076400756835938,3.3076400756835938
0,0.8310515880584717,1.8706822395324707,1.8706822395324707,1.8706822395324707,0.8338699340820312,0.8338699340820312,0.8338699340820312,0.8338699340820312,0.8338699340820312,0.8338699340820312,0.8338699340820312,0.8338699340820312,0.8338699340820312,0.8338699340820312
0,0.3698883056640625,0.3698883056640625,0.3698883056640625,0.3698883056640625,6.245887041091919,6.245887041091919,6.245887041091919,6.245887041091919,6.245887041091919,6.245887041091919,6.245887041091919,6.245887041091919,6.245887041091919,6.245887041091919
0.7398889064788818,0.7398889064788818,0.7398889064788818,0.7398889064788818,0.7398889064788818,0.7398889064788818,0.7398889064788818,0.7398889064788818,0.7398889064788818,0.7398889064788818,0.7398889064788818,0.7398889064788818,0.7398889064788818,0.7398889064788818,0.7398889064788818
0,0.12874913215637207,0.12874913215637207,0.12874913215637207,0.12874913215637207,0.12874913215637207,0.12874913215637207,0.12874913215637207,0.12874913215637207,0.12874913215637207,0.12874913215637207,0.12874913215637207,0.12874913215637207,0.12874913215637207,0.12874913215637207
0,1.027782917022705,1.027782917022705,1.027782917022705,1.027782917022705,1.027782917022705,1.027782917022705,1.027782917022705,1.027782917022705,1.027782917022705,1.027782917022705,1.027782917022705,1.027782917022705,1.027782917022705,1.027782917022705
0,0.08105921745300293,0.08105921745300293,0.08105921745300293,0.08105921745300293,2.9692201614379883,2.9692201614379883,2.9692201614379883,2.9692201614379883,2.9692201614379883,2.9692201614379883,2.9692201614379883,2.9692201614379883,2.9692201614379883,2.9692201614379883
0,0.07682132720947266,0.07682132720947266,0.07682132720947266,0.07682132720947266,0.07682132720947266,0.07682132720947266,0.07682132720947266,0.07682132720947266,0.07682132720947266,0.07682132720947266,0.07682132720947266,0.07682132720947266,0.07682132720947266,0.07682132720947266
0,0.634089469909668,0.634089469909668,0.634089469909668,0.634089469909668,0.634089469909668,0.634089469909668,0.634089469909668,0.634089469909668,0.634089469909668,0.634089469909668,0.634089469909668,0.634089469909668,0.634089469909668,0.634089469909668
0,1.038179636001587,1.038179636001587,1.9212348461151123,1.9212348461151123,1.9212348461151123,1.9212348461151123,1.9212348461151123,1.9212348461151123,1.9212348461151123,1.9212348461151123,1.9212348461151123,1.9212348461151123,1.9212348461151123,1.9212348461151123
1.6871190071105957,1.5032610893249512,1.5032610893249512,2.268916368484497,2.268916368484497,2.268916368484497,2.268916368484497,2.268916368484497,2.268916368484497,2.268916368484497,2.268916368484497,2.268916368484497,2.268916368484497,2.268916368484497,2.268916368484497
0,0.7825987339019775,0.7825987339019775,0.7825987339019775,0.7825987339019775,0.7825987339019775,0.7825987339019775,0.7825987339019775,0.7825987339019775,0.7825987339019775,0.7825987339019775,0.7825987339019775,0.7825987339019775,0.7825987339019775,0.7825987339019775
0,0.8340854644775391,0.8340854644775391,0.8340854644775391,5.391035556793213,5.391035556793213,5.391035556793213,5.391035556793213,5.391035556793213,5.391035556793213,5.391035556793213,5.391035556793213,5.391035556793213,5.391035556793213,5.391035556793213
0,0.5722956657409668,0.5722956657409668,0.5722956657409668,0.5722956657409668,0.5722956657409668,5.213454008102417,5.213454008102417,5.213454008102417,5.213454008102417,5.213454008102417,5.213454008102417,5.213454008102417,5.213454008102417,5.213454008102417
0,0.24055719375610352,2.605773448944092,2.605773448944092,2.605773448944092,2.605773448944092,11.808964490890503,11.808964490890503,11.808964490890503,11.808964490890503,11.808964490890503,11.808964490890503,11.808964490890503,11.808964490890503,11.808964490890503
0,0.07850027084350586,0.07850027084350586,0.07850027084350586,0.07850027084350586,0.07850027084350586,0.07850027084350586,0.07850027084350586,0.07850027084350586,0.07850027084350586,0.07850027084350586,0.07850027084350586,0.07850027084350586,0.07850027084350586,0.07850027084350586
0,0.48851776123046875,0.48851776123046875,0.48851776123046875,0.48851776123046875,0.48851776123046875,0.48851776123046875,0.48851776123046875,0.48851776123046875,0.48851776123046875,0.48851776123046875,0.48851776123046875,0.48851776123046875,0.48851776123046875,0.48851776123046875
0,0.06631088256835938,0.06631088256835938,0.06631088256835938,0.06631088256835938,0.6206042766571045,0.6206042766571045,0.6206042766571045,0.6206042766571045,0.6206042766571045,0.6206042766571045,0.6206042766571045,0.6206042766571045,0.6206042766571045,0.6206042766571045
0,0,0,0.60951828956604,0.60951828956604,0.60951828956604,0.60951828956604,0.60951828956604,0.60951828956604,0.60951828956604,0.60951828956604,0.60951828956604,0.60951828956604,0.60951828956604,0.60951828956604
0,0.1850595474243164,0.1850595474243164,0.6514041423797607,0.6514041423797607,0.6514041423797607,0.6514041423797607,0.6514041423797607,0.6514041423797607,0.6514041423797607,0.6514041423797607,0.6514041423797607,0.6514041423797607,0.6514041423797607,0.6514041423797607
0,0.597658634185791,0.597658634185791,0.597658634185791,0.597658634185791,0.597658634185791,0.597658634185791,0.597658634185791,0.597658634185791,0.597658634185791,0.597658634185791,0.597658634185791,0.597658634185791,0.597658634185791,0.597658634185791
0,0.0514521598815918,0.0514521598815918,1.555077075958252,1.555077075958252,1.555077075958252,1.555077075958252,1.555077075958252,1.555077075958252,1.555077075958252,1.555077075958252,1.555077075958252,1.555077075958252,1.555077075958252,1.555077075958252
0,0.45259928703308105,0.45259928703308105,1.1372580528259277,1.1372580528259277,1.1372580528259277,1.1372580528259277,1.1372580528259277,1.1372580528259277,1.1372580528259277,1.1372580528259277,1.1372580528259277,1.1372580528259277,1.1372580528259277,1.1372580528259277
0,0.044913291931152344,0.044913291931152344,0.044913291931152344,0.044913291931152344,0.044913291931152344,0.044913291931152344,0.044913291931152344,0.044913291931152344,0.044913291931152344,0.044913291931152344,0.044913291931152344,0.044913291931152344,0.044913291931152344,0.044913291931152344
0,0.6455504894256592,0.6455504894256592,0.6455504894256592,0.6455504894256592,7.715473651885986,7.715473651885986,7.715473651885986,7.715473651885986,7.715473651885986,7.715473651885986,7.715473651885986,7.715473651885986,7.715473651885986,7.715473651885986
0,0,0,0,0,0,0,0,0,0,0,0,0,0,0
0,0.04019308090209961,0.04019308090209961,0.04019308090209961,0.04019308090209961,0.04019308090209961,0.04019308090209961,0.04019308090209961,0.04019308090209961,0.04019308090209961,0.04019308090209961,0.04019308090209961,0.04019308090209961,0.04019308090209961,0.04019308090209961
0,0,0,0,0,0,0,0,0,0,0,0,0,0,0
0,0.20019936561584473,0.20019936561584473,0.20019936561584473,0.20019936561584473,0.20019936561584473,0.20019936561584473,0.20019936561584473,0.20019936561584473,0.20019936561584473,0.20019936561584473,0.20019936561584473,0.20019936561584473,0.20019936561584473,0.20019936561584473
0.9112813472747803,0.1955876350402832,0.1955876350402832,0.1955876350402832,0.1955876350402832,0.1955876350402832,0.1955876350402832,0.1955876350402832,0.1955876350402832,0.1955876350402832,0.1955876350402832,0.1955876350402832,0.1955876350402832,0.1955876350402832,0.1955876350402832
0,0.4822986125946045,0.4822986125946045,0.4822986125946045,0.4822986125946045,0.4822986125946045,0.4822986125946045,0.4822986125946045,8.398445844650269,11.515468835830688,11.515468835830688,11.515468835830688,11.515468835830688,11.515468835830688,11.515468835830688
0,0,0,0,0,0,0,0,0,0,0,0,0,0,0
0,1.3105857372283936,1.3105857372283936,1.3105857372283936,1.3105857372283936,1.5683557987213135,1.5683557987213135,1.5683557987213135,10.288878202438354,10.288878202438354,10.288878202438354,10.288878202438354,10.288878202438354,10.288878202438354,10.288878202438354
0,0,0,0,2.2942965030670166,2.2942965030670166,2.2942965030670166,2.2942965030670166,2.2942965030670166,2.2942965030670166,2.2942965030670166,2.2942965030670166,2.2942965030670166,2.2942965030670166,2.2942965030670166
0,0,0,0,0,0.5284328460693359,0.5284328460693359,0.5284328460693359,0.5284328460693359,0.5284328460693359,0.5284328460693359,0.5284328460693359,0.5284328460693359,0.5284328460693359,0.5284328460693359
0,1.4597053527832031,1.4597053527832031,1.4597053527832031,1.4597053527832031,1.4597053527832031,1.4597053527832031,1.2533321380615234,1.2533321380615234,1.2533321380615234,1.2533321380615234,1.2533321380615234,1.2533321380615234,1.2533321380615234,1.2533321380615234
0,0.2194974422454834,0.2194974422454834,0.2194974422454834,0.2194974422454834,0.2194974422454834,3.732142925262451,3.732142925262451,3.732142925262451,3.732142925262451,3.732142925262451,3.732142925262451,3.732142925262451,3.732142925262451,3.732142925262451
0,0.07624268531799316,0.07624268531799316,0.07624268531799316,0.07624268531799316,0.07624268531799316,0.07624268531799316,0.07624268531799316,0.07624268531799316,0.07624268531799316,0.07624268531799316,0.07624268531799316,0.07624268531799316,0.07624268531799316,0.07624268531799316
0,0,0,0,0,0,0,0,0,0,0,0,0,0,0
0,0,0,0,0,0,0,0,0,0,0,0,0,0,0
0,0,0,0,0,0,0,0,0,0,0,0,0,0,0
0,0.7890701293945312,1.480832576751709,1.480832576751709,1.480832576751709,1.480832576751709,1.480832576751709,1.480832576751709,1.480832576751709,1.480832576751709,1.480832576751709,1.480832576751709,1.480832576751709,1.480832576751709,1.480832576751709
0,1.1738040447235107,1.1738040447235107,1.1738040447235107,1.1738040447235107,1.1738040447235107,1.1738040447235107,1.1738040447235107,1.1738040447235107,1.1738040447235107,1.1738040447235107,1.1738040447235107,1.1738040447235107,1.1738040447235107,1.1738040447235107
0,2.378804922103882,2.378804922103882,2.378804922103882,2.378804922103882,2.378804922103882,2.378804922103882,2.378804922103882,2.378804922103882,2.378804922103882,2.378804922103882,2.378804922103882,2.378804922103882,2.378804922103882,2.378804922103882
0,0,0,0,0,0,0,0,0,0,0,0,0,0,0
0,0.4940671920776367,0.4940671920776367,0.4940671920776367,0.4940671920776367,0.4940671920776367,0.4940671920776367,0.4940671920776367,0.4940671920776367,0.4940671920776367,0.4940671920776367,0.4940671920776367,0.4940671920776367,0.4940671920776367,0.4940671920776367
0,0.7094182968139648,0.7094182968139648,0.7094182968139648,0.7094182968139648,0.7094182968139648,0.7094182968139648,0.7094182968139648,0.7094182968139648,0.7094182968139648,0.7094182968139648,0.7094182968139648,0.7094182968139648,0.7094182968139648,0.7094182968139648
0,1.4198856353759766,1.4198856353759766,1.4198856353759766,1.4198856353759766,1.4198856353759766,1.4198856353759766,1.4198856353759766,1.4198856353759766,1.4198856353759766,1.4198856353759766,1.4198856353759766,1.4198856353759766,1.4198856353759766,1.4198856353759766
0,0,0,0,0,0,10.125932693481445,10.125932693481445,10.125932693481445,10.125932693481445,10.125932693481445,10.125932693481445,10.125932693481445,10.125932693481445,10.125932693481445
0,0.45508241653442383,0.45508241653442383,0.45508241653442383,0.45508241653442383,0.45508241653442383,0.45508241653442383,5.367720127105713,5.367720127105713,5.367720127105713,5.367720127105713,5.367720127105713,5.367720127105713,5.367720127105713,5.367720127105713
0,0.4768068790435791,0.4768068790435791,0.12299442291259766,0.12299442291259766,0.12299442291259766,0.12299442291259766,0.12299442291259766,0.12299442291259766,0.12299442291259766,0.12299442291259766,0.12299442291259766,0.12299442291259766,0.12299442291259766,0.12299442291259766
0,0,0,0,0,0,0,0,0,0,0,0,0,0,0
0,0.11411142349243164,0.11411142349243164,0.11411142349243164,0.11411142349243164,0.11411142349243164,0.11411142349243164,0.11411142349243164,0.11411142349243164,0.11411142349243164,0.11411142349243164,0.11411142349243164,0.11411142349243164,0.11411142349243164,0.11411142349243164
0,0.025039196014404297,0.025039196014404297,0.025039196014404297,0.025039196014404297,0.025039196014404297,0.025039196014404297,0.025039196014404297,0.025039196014404297,0.025039196014404297,0.025039196014404297,0.025039196014404297,0.025039196014404297,0.025039196014404297,0.025039196014404297
0,0.09105491638183594,0.09105491638183594,0.09105491638183594,0.09105491638183594,0.09105491638183594,0.09105491638183594,0.09105491638183594,0.09105491638183594,0.09105491638183594,0.09105491638183594,0.09105491638183594,0.09105491638183594,0.09105491638183594,0.09105491638183594
0.2773404121398926,0.2773404121398926,0.2773404121398926,0.3282761573791504,0.3282761573791504,0.38957643508911133,0.38957643508911133,0.38957643508911133,0.38957643508911133,0.38957643508911133,0.38957643508911133,0.38957643508911133,0.38957643508911133,0.38957643508911133,0.38957643508911133
0.23853182792663574,0.07984757423400879,0.07984757423400879,0.08269596099853516,0.33846521377563477,0.33846521377563477,0.33846521377563477,0.33846521377563477,0.33846521377563477,0.33846521377563477,0.33846521377563477,0.33846521377563477,0.33846521377563477,0.33846521377563477,0.33846521377563477
0,0.05218315124511719,0.05218315124511719,0.14533090591430664,0.14533090591430664,0.14533090591430664,0.14533090591430664,0.14533090591430664,0.14533090591430664,0.14533090591430664,0.14533090591430664,0.14533090591430664,0.14533090591430664,0.14533090591430664,0.14533090591430664
0,0.03519487380981445,0.03519487380981445,0.03519487380981445,0.03519487380981445,0.03519487380981445,0.03519487380981445,0.03519487380981445,0.03519487380981445,0.03519487380981445,0.03519487380981445,0.03519487380981445,0.03519487380981445,0.03519487380981445,0.03519487380981445
0,0,0,0,0,0,0,0,0,0,0,0,0,0,0
0,0.17871475219726562,0.17871475219726562,0.17871475219726562,0.17871475219726562,0.17871475219726562,0.17871475219726562,0.17871475219726562,0.17871475219726562,0.17871475219726562,0.17871475219726562,0.17871475219726562,0.17871475219726562,0.17871475219726562,0.17871475219726562
0,0.04974865913391113,0.04974865913391113,0.04974865913391113,0.04974865913391113,0.04974865913391113,0.04974865913391113,0.04974865913391113,0.04974865913391113,0.04974865913391113,0.04974865913391113,0.04974865913391113,0.04974865913391113,0.04974865913391113,0.04974865913391113
0,0.19243860244750977,0.19243860244750977,0.19243860244750977,0.19243860244750977,0.19243860244750977,0.19243860244750977,0.19243860244750977,0.19243860244750977,0.19243860244750977,0.19243860244750977,0.19243860244750977,0.19243860244750977,0.19243860244750977,0.19243860244750977
0,0.041701316833496094,0.041701316833496094,0.041701316833496094,0.041701316833496094,0.041701316833496094,0.041701316833496094,0.041701316833496094,0.041701316833496094,0.041701316833496094,0.041701316833496094,0.041701316833496094,0.041701316833496094,0.041701316833496094,0.041701316833496094
0,0,0,0,0.1665956974029541,0.1665956974029541,0.1665956974029541,0.1665956974029541,0.1665956974029541,0.1665956974029541,0.1665956974029541,0.1665956974029541,0.1665956974029541,0.1665956974029541,0.1665956974029541
0,0.08665323257446289,0.08665323257446289,0.08665323257446289,0.08665323257446289,0.32750606536865234,0.41454601287841797,0.41454601287841797,0.41454601287841797,0.41454601287841797,0.41454601287841797,0.41454601287841797,0.41454601287841797,0.41454601287841797,0.41454601287841797
0,0,0,0.06570816040039062,0.06570816040039062,0.06570816040039062,0.06570816040039062,0.06570816040039062,0.06570816040039062,0.06570816040039062,0.06570816040039062,0.06570816040039062,0.06570816040039062,0.06570816040039062,0.06570816040039062
0,0,0,0.4292762279510498,0.4292762279510498,0.4292762279510498,0.4292762279510498,0.4292762279510498,0.4292762279510498,0.4292762279510498,0.4292762279510498,0.4292762279510498,0.4292762279510498,0.4292762279510498,0.4292762279510498
0,0,0,0.07767891883850098,0.07767891883850098,0.07767891883850098,0.07767891883850098,0.07767891883850098,0.07767891883850098,0.07767891883850098,0.07767891883850098,0.07767891883850098,0.07767891883850098,0.07767891883850098,0.07767891883850098
0,0.06771135330200195,0.06771135330200195,0.06771135330200195,0.06771135330200195,0.06771135330200195,0.06771135330200195,0.06771135330200195,0.06771135330200195,0.06771135330200195,0.06771135330200195,0.06771135330200195,0.06771135330200195,0.06771135330200195,0.06771135330200195
0,0.10498404502868652,0.10498404502868652,0.10498404502868652,0.10498404502868652,0.10498404502868652,0.10498404502868652,0.10498404502868652,0.10498404502868652,0.10498404502868652,0.10498404502868652,0.10498404502868652,0.10498404502868652,0.10498404502868652,0.10498404502868652
0,0.10937881469726562,0.10937881469726562,0.2969331741333008,0.2969331741333008,0.2969331741333008,0.2969331741333008,0.2969331741333008,0.2969331741333008,0.2969331741333008,0.2969331741333008,0.2969331741333008,0.2969331741333008,0.2969331741333008,0.2969331741333008
0,0,0,0,0,0,0,0,0,0,0,0,0,0,0
0,2.6433730125427246,2.6433730125427246,2.6433730125427246,2.6433730125427246,2.6433730125427246,6.05236554145813,3.6744964122772217,3.6744964122772217,3.6744964122772217,3.6744964122772217,3.6744964122772217,3.6744964122772217,3.6744964122772217,3.6744964122772217
0,0.7071666717529297,0.7071666717529297,0.7071666717529297,0.7071666717529297,0.7071666717529297,0.7071666717529297,0.7071666717529297,0.7071666717529297,0.7071666717529297,0.7071666717529297,0.7071666717529297,0.7071666717529297,0.7071666717529297,0.7071666717529297
0,0.9251010417938232,0.9251010417938232,0.9251010417938232,0.9251010417938232,0.9251010417938232,0.9251010417938232,2.1520488262176514,2.1520488262176514,2.1520488262176514,2.1520488262176514,2.1520488262176514,2.1520488262176514,2.1520488262176514,2.1520488262176514
0,0.10575151443481445,0.10575151443481445,0.9155690670013428,0.9155690670013428,0.9155690670013428,0.9155690670013428,0.9155690670013428,0.9155690670013428,0.9155690670013428,0.9155690670013428,0.9155690670013428,0.9155690670013428,0.9155690670013428,0.9155690670013428
0,0,0,0,0,0,0,0,0,0,0,0,0,0,0
0,0.3811337947845459,0.3811337947845459,0.3811337947845459,0.3811337947845459,0.3811337947845459,0.3811337947845459,0.3811337947845459,0.3811337947845459,0.3811337947845459,0.3811337947845459,0.3811337947845459,0.3811337947845459,0.3811337947845459,0.3811337947845459
0,0.19609880447387695,0.19609880447387695,0.19609880447387695,0.19609880447387695,0.19609880447387695,0.19609880447387695,0.19609880447387695,0.19609880447387695,0.19609880447387695,0.19609880447387695,0.19609880447387695,0.19609880447387695,0.19609880447387695,0.19609880447387695
0,3.192660331726074,3.192660331726074,3.192660331726074,3.192660331726074,3.192660331726074,3.192660331726074,3.192660331726074,3.192660331726074,3.192660331726074,3.192660331726074,3.192660331726074,3.192660331726074,3.192660331726074,3.192660331726074
0,2.6183865070343018,2.6183865070343018,1.322798490524292,1.322798490524292,1.322798490524292,1.322798490524292,1.322798490524292,1.322798490524292,1.322798490524292,1.322798490524292,1.322798490524292,1.322798490524292,1.322798490524292,1.322798490524292
0,0,0,0,0,0,0,0,0,0,0,0,0,0,0
0,0.060930728912353516,0.060930728912353516,0.060930728912353516,0.060930728912353516,0.060930728912353516,0.060930728912353516,0.060930728912353516,0.060930728912353516,0.060930728912353516,0.060930728912353516,0.060930728912353516,0.060930728912353516,0.060930728912353516,0.060930728912353516
0,0,0,0,0,0,0,0,0,0,0,0,0,0,0
0,0.5638909339904785,0.5638909339904785,0.5638909339904785,0.5638909339904785,1.758657455444336,1.758657455444336,1.758657455444336,1.758657455444336,1.758657455444336,1.758657455444336,1.758657455444336,1.758657455444336,1.758657455444336,1.758657455444336
0,0.8916807174682617,0.8916807174682617,0.8916807174682617,0.8916807174682617,0.8916807174682617,0.8916807174682617,0.8916807174682617,0.8916807174682617,0.8916807174682617,0.8916807174682617,0.8916807174682617,0.8916807174682617,0.8916807174682617,0.8916807174682617
0,2.1890554428100586,2.1890554428100586,2.1890554428100586,2.1890554428100586,2.1890554428100586,2.1890554428100586,2.1890554428100586,2.1890554428100586,2.1890554428100586,2.1890554428100586,2.1890554428100586,2.1890554428100586,2.1890554428100586,2.1890554428100586
0,0,0,0,0,0,0,0,0,0,0,0,0,0,0
0,0.05179858207702637,0.05179858207702637,0.05179858207702637,0.05179858207702637,0.05179858207702637,0.05179858207702637,0.05179858207702637,0.05179858207702637,0.05179858207702637,0.05179858207702637,0.05179858207702637,0.05179858207702637,0.05179858207702637,0.05179858207702637
0,0.17276716232299805,0.17276716232299805,0.17276716232299805,0.17276716232299805,0.17276716232299805,0.17276716232299805,0.17276716232299805,0.17276716232299805,0.17276716232299805,0.17276716232299805,0.17276716232299805,0.17276716232299805,0.17276716232299805,0.17276716232299805
0,0.5790190696716309,0.5790190696716309,0.17091703414916992,0.17091703414916992,0.17091703414916992,0.17091703414916992,0.17091703414916992,0.17091703414916992,0.17091703414916992,0.17091703414916992,0.17091703414916992,0.17091703414916992,0.17091703414916992,0.17091703414916992
0,0,0,0,0,0,0,0,0,0,0,0,0,0,0
0,1.2456159591674805,1.2456159591674805,2.393432378768921,2.393432378768921,2.393432378768921,2.393432378768921,2.393432378768921,2.393432378768921,2.393432378768921,2.393432378768921,2.393432378768921,2.393432378768921,2.393432378768921,2.393432378768921
0,0,0,2.7645015716552734,2.7645015716552734,2.7645015716552734,6.064805030822754,6.064805030822754,6.064805030822754,6.064805030822754,6.064805030822754,6.064805030822754,6.064805030822754,6.064805030822754,6.064805030822754
0,0,0,1.1309747695922852,1.1309747695922852,1.1309747695922852,1.1309747695922852,1.1309747695922852,1.1309747695922852,1.1309747695922852,1.1309747695922852,1.1309747695922852,1.1309747695922852,1.1309747695922852,1.1309747695922852
0,0,0,2.740856409072876,2.740856409072876,2.740856409072876,2.740856409072876,2.740856409072876,2.740856409072876,2.740856409072876,2.740856409072876,2.740856409072876,2.740856409072876,2.740856409072876,2.740856409072876
0,0,0,0.6824507713317871,0.6824507713317871,0.6824507713317871,0.6824507713317871,4.615278005599976,4.615278005599976,4.615278005599976,4.615278005599976,4.615278005599976,4.615278005599976,4.615278005599976,4.615278005599976
0,1.5880649089813232,1.5880649089813232,5.376965284347534,5.376965284347534,5.376965284347534,5.376965284347534,5.376965284347534,5.376965284347534,5.376965284347534,5.376965284347534,5.376965284347534,5.376965284347534,5.376965284347534,5.376965284347534
0,0,0,0,0,0,0,0,0,0,0,0,0,0,0
0,1.5205042362213135,1.5205042362213135,1.5205042362213135,1.5205042362213135,1.5205042362213135,1.5205042362213135,1.5205042362213135,1.5205042362213135,1.5205042362213135,1.5205042362213135,1.5205042362213135,1.5205042362213135,1.5205042362213135,1.5205042362213135
0,0,0,0,0,0,0,0,0,0,0,0,0,0,0
0,0,0,0,0,0,0,0,0,0,0,0,0,0,0
0,0.6283433437347412,0.6283433437347412,0.6283433437347412,0.6283433437347412,0.6283433437347412,0.6283433437347412,0.6283433437347412,0.6283433437347412,0.6283433437347412,0.6283433437347412,0.6283433437347412,0.6283433437347412,0.6283433437347412,0.6283433437347412
0,4.569031000137329,4.569031000137329,4.569031000137329,3.898383140563965,6.616225481033325,6.616225481033325,6.616225481033325,6.616225481033325,6.616225481033325,6.616225481033325,6.616225481033325,6.616225481033325,6.616225481033325,6.616225481033325
1.2330703735351562,1.2330703735351562,1.2330703735351562,1.2330703735351562,2.2521538734436035,2.2521538734436035,2.2521538734436035,2.2521538734436035,2.2521538734436035,2.2521538734436035,11.19420838356018,11.19420838356018,11.19420838356018,11.19420838356018,11.19420838356018
0,0.06970524787902832,0.06970524787902832,0.18129539489746094,0.18129539489746094,0.18129539489746094,0.18129539489746094,0.18129539489746094,0.18129539489746094,0.18129539489746094,0.18129539489746094,0.18129539489746094,0.18129539489746094,0.18129539489746094,0.18129539489746094
0,0,0,0,0,0,0,0,0,0,0,0,0,0,0
0,0.7279925346374512,0.7279925346374512,0.7279925346374512,0.7279925346374512,4.364484548568726,6.313684701919556,6.313684701919556,6.313684701919556,6.313684701919556,6.313684701919556,6.313684701919556,6.313684701919556,6.313684701919556,6.313684701919556
0,0.07750344276428223,0.23250865936279297,0.23250865936279297,0.23250865936279297,0.23250865936279297,0.23250865936279297,0.23250865936279297,0.23250865936279297,0.23250865936279297,0.23250865936279297,0.23250865936279297,0.23250865936279297,0.23250865936279297,0.23250865936279297
0,0.09996223449707031,0.09996223449707031,0.09996223449707031,0.09996223449707031,0.09996223449707031,0.09996223449707031,0.09996223449707031,0.09996223449707031,0.09996223449707031,0.09996223449707031,0.09996223449707031,0.09996223449707031,0.09996223449707031,0.09996223449707031
0,0.04089999198913574,0.04089999198913574,0.24755287170410156,0.24755287170410156,0.24755287170410156,0.24755287170410156,0.24755287170410156,0.24755287170410156,0.24755287170410156,0.24755287170410156,0.24755287170410156,0.24755287170410156,0.24755287170410156,0.24755287170410156
0,0.5699195861816406,0.5699195861816406,0.5699195861816406,0.5699195861816406,0.5699195861816406,0.5699195861816406,0.5699195861816406,0.5699195861816406,0.5699195861816406,0.5699195861816406,0.5699195861816406,0.5699195861816406,0.5699195861816406,0.5699195861816406
0,1.0889761447906494,1.0889761447906494,1.0889761447906494,1.0889761447906494,1.0889761447906494,1.0889761447906494,1.0889761447906494,1.0889761447906494,1.0889761447906494,1.0889761447906494,1.0889761447906494,1.0889761447906494,1.0889761447906494,1.0889761447906494
0,0.42398834228515625,0.42398834228515625,0.42398834228515625,0.42398834228515625,4.64539909362793,2.1453213691711426,9.208914518356323,9.208914518356323,9.208914518356323,9.208914518356323,9.208914518356323,9.208914518356323,9.208914518356323,9.208914518356323
0,2.0446889400482178,2.0446889400482178,2.3267507553100586,2.3267507553100586,2.3267507553100586,2.3267507553100586,2.3267507553100586,2.3267507553100586,2.3267507553100586,2.3267507553100586,2.3267507553100586,2.3267507553100586,2.3267507553100586,2.3267507553100586
0,0,0,14.865593194961548,14.865593194961548,14.865593194961548,14.865593194961548,14.865593194961548,14.865593194961548,14.865593194961548,14.865593194961548,14.865593194961548,14.865593194961548,14.865593194961548,14.865593194961548
0,0.7848420143127441,0.7848420143127441,0.7848420143127441,0.7848420143127441,3.54213285446167,3.54213285446167,3.54213285446167,3.54213285446167,3.54213285446167,3.54213285446167,3.54213285446167,3.54213285446167,3.54213285446167,3.54213285446167
0,0,0,0,0,0,0,0,0,0,0,0,0,0,0
0,0.8116183280944824,0.8116183280944824,1.1934685707092285,1.1934685707092285,1.1934685707092285,1.1934685707092285,1.1934685707092285,1.1934685707092285,15.260489225387573,10.811294317245483,10.811294317245483,10.811294317245483,10.811294317245483,10.811294317245483
0,0.3686096668243408,0.3686096668243408,0.3686096668243408,0.3686096668243408,0.3686096668243408,0.3686096668243408,0.3686096668243408,0.3686096668243408,0.3686096668243408,0.3686096668243408,0.3686096668243408,0.3686096668243408,0.3686096668243408,0.3686096668243408
0,0,0,0,0,0,7.508259057998657,7.508259057998657,7.508259057998657,7.508259057998657,7.508259057998657,7.508259057998657,7.508259057998657,7.508259057998657,7.508259057998657
0,2.5421767234802246,2.5421767234802246,0.7757811546325684,0.7757811546325684,0.7757811546325684,0.7757811546325684,0.7757811546325684,0.7757811546325684,0.7757811546325684,0.7757811546325684,0.7757811546325684,0.7757811546325684,0.7757811546325684,0.7757811546325684
0,0.5386364459991455,0.5386364459991455,0.5386364459991455,0.5386364459991455,4.7312140464782715,4.7312140464782715,4.7312140464782715,4.7312140464782715,5.965559005737305,5.965559005737305,5.965559005737305,5.965559005737305,5.965559005737305,5.965559005737305
0,0,0,0.6560263633728027,0.6560263633728027,0.6560263633728027,0.6560263633728027,0.6560263633728027,0.6560263633728027,0.6560263633728027,0.6560263633728027,0.6560263633728027,0.6560263633728027,0.6560263633728027,0.6560263633728027
0,0.11698031425476074,0.11698031425476074,0.11698031425476074,0.11698031425476074,0.11698031425476074,0.11698031425476074,0.11698031425476074,0.11698031425476074,0.11698031425476074,0.11698031425476074,0.11698031425476074,0.11698031425476074,0.11698031425476074,0.11698031425476074
0,0.24270105361938477,0.24270105361938477,0.24270105361938477,0.24270105361938477,0.24270105361938477,0.24270105361938477,0.24270105361938477,0.24270105361938477,0.24270105361938477,0.24270105361938477,0.24270105361938477,0.24270105361938477,0.24270105361938477,0.24270105361938477
0,0,0,0.09463143348693848,0.09463143348693848,0.09463143348693848,0.09463143348693848,0.09463143348693848,0.09463143348693848,0.09463143348693848,0.09463143348693848,0.09463143348693848,0.09463143348693848,0.09463143348693848,0.09463143348693848
0,0.4586005210876465,0.4586005210876465,0.4586005210876465,0.4586005210876465,0.4586005210876465,6.348979711532593,6.348979711532593,6.348979711532593,6.348979711532593,6.348979711532593,6.348979711532593,6.348979711532593,6.348979711532593,6.348979711532593
0,0,0,0,0,0,2.820664644241333,2.820664644241333,2.820664644241333,2.820664644241333,2.820664644241333,2.820664644241333,2.820664644241333,2.820664644241333,2.820664644241333
0,0.8446621894836426,0.8446621894836426,1.1619324684143066,1.1619324684143066,1.1619324684143066,1.1619324684143066,3.8429813385009766,3.8429813385009766,3.8429813385009766,3.8429813385009766,3.8429813385009766,3.8429813385009766,3.8429813385009766,3.8429813385009766
0,0.0618433952331543,0.0618433952331543,0.5240120887756348,0.5713748931884766,4.283105373382568,4.283105373382568,5.697994709014893,6.6155641078948975,6.6155641078948975,6.6155641078948975,6.6155641078948975,6.6155641078948975,6.6155641078948975,6.6155641078948975
18000,18000,18000,18000,18000,18000,18000,18000,18000,18000,18000,18000,18000,18000,18000
18000,18000,18000,18000,18000,18000,18000,18000,18000,18000,18000,18000,18000,18000,18000
18000,18000,18000,18000,18000,18000,18000,18000,18000,18000,18000,18000,18000,18000,18000
18000,18000,18000,18000,18000,18000,18000,18000,18000,18000,18000,18000,18000,18000,18000
18000,18000,18000,18000,18000,18000,18000,18000,18000,18000,18000,18000,18000,18000,18000
18000,18000,18000,18000,18000,18000,18000,18000,18000,18000,18000,18000,18000,18000,18000
18000,18000,18000,18000,18000,18000,18000,18000,18000,18000,18000,18000,18000,18000,18000
18000,18000,18000,18000,18000,18000,18000,18000,18000,18000,18000,18000,18000,18000,18000
18000,18000,18000,18000,18000,18000,18000,18000,18000,18000,18000,18000,18000,18000,18000
18000,18000,18000,18000,18000,18000,18000,18000,18000,18000,18000,18000,18000,18000,18000
18000,18000,18000,18000,18000,18000,18000,18000,18000,18000,18000,18000,18000,18000,18000
18000,18000,18000,18000,18000,18000,18000,18000,18000,18000,18000,18000,18000,18000,18000
18000,18000,18000,18000,18000,18000,18000,18000,18000,18000,18000,18000,18000,18000,18000
18000,18000,18000,18000,18000,18000,18000,18000,18000,18000,18000,18000,18000,18000,18000
18000,18000,18000,18000,18000,18000,18000,18000,18000,18000,18000,18000,18000,18000,18000
18000,18000,18000,18000,18000,18000,18000,18000,18000,18000,18000,18000,18000,18000,18000
18000,18000,18000,18000,18000,18000,18000,18000,18000,18000,18000,18000,18000,18000,18000
0,0,0,0,0,0,0,0,0,0,0,0,0,0,0
0,0.23855376243591309,0.23855376243591309,0.23855376243591309,0.23855376243591309,0.23855376243591309,0.23855376243591309,0.23855376243591309,0.23855376243591309,0.23855376243591309,0.23855376243591309,0.23855376243591309,0.23855376243591309,0.23855376243591309,0.23855376243591309
0,0,0,0.3424513339996338,0.3424513339996338,0.3424513339996338,0.3424513339996338,0.3424513339996338,0.3424513339996338,0.3424513339996338,0.3424513339996338,0.3424513339996338,0.3424513339996338,0.3424513339996338,0.3424513339996338
0,0.038130998611450195,0.038130998611450195,0.038130998611450195,0.038130998611450195,0.038130998611450195,0.038130998611450195,0.038130998611450195,0.038130998611450195,0.038130998611450195,0.038130998611450195,0.038130998611450195,0.038130998611450195,0.038130998611450195,0.038130998611450195
0,0.0389404296875,0.0389404296875,0.2891836166381836,0.2891836166381836,0.18526053428649902,0.18526053428649902,0.6798226833343506,0.6798226833343506,0.6798226833343506,0.6798226833343506,0.6798226833343506,0.6798226833343506,0.6798226833343506,0.6798226833343506
0,0.10560011863708496,0.10560011863708496,0.10560011863708496,0.10560011863708496,0.10560011863708496,0.10560011863708496,0.10560011863708496,0.10560011863708496,0.10560011863708496,0.10560011863708496,0.10560011863708496,0.10560011863708496,0.10560011863708496,0.10560011863708496
0,0,0,0,0,0,0,0,0,0,0,0,0,0,0
0,0.02405261993408203,0.02405261993408203,0.2292923927307129,0.2292923927307129,0.2292923927307129,0.2292923927307129,0.2292923927307129,0.2292923927307129,0.2292923927307129,0.2292923927307129,0.2292923927307129,0.2292923927307129,0.2292923927307129,0.2292923927307129
0,0.025925159454345703,0.025925159454345703,0.025925159454345703,0.025925159454345703,0.025925159454345703,0.025925159454345703,0.025925159454345703,0.025925159454345703,0.025925159454345703,0.025925159454345703,0.025925159454345703,0.025925159454345703,0.025925159454345703,0.025925159454345703
0,0.07056474685668945,0.07056474685668945,0.07056474685668945,0.07056474685668945,0.3078756332397461,0.3078756332397461,0.3078756332397461,0.3078756332397461,0.3078756332397461,0.3078756332397461,0.3078756332397461,0.3078756332397461,0.3078756332397461,0.3078756332397461
0,0,0,0,0,0,0,0,0,0,0,0,0,0,0
0,0.04208636283874512,0.04208636283874512,0.11649727821350098,0.11649727821350098,0.11649727821350098,0.11649727821350098,0.11649727821350098,0.11649727821350098,0.11649727821350098,0.11649727821350098,0.11649727821350098,0.11649727821350098,0.11649727821350098,0.11649727821350098
0,0.02882862091064453,0.02882862091064453,0.02882862091064453,0.02882862091064453,0.02882862091064453,0.02882862091064453,0.02882862091064453,0.02882862091064453,0.02882862091064453,0.02882862091064453,0.02882862091064453,0.02882862091064453,0.02882862091064453,0.02882862091064453
0,0.06531953811645508,0.06531953811645508,0.23073673248291016,0.23073673248291016,0.23073673248291016,0.23073673248291016,0.23073673248291016,0.23073673248291016,0.23073673248291016,0.23073673248291016,0.23073673248291016,0.23073673248291016,0.23073673248291016,0.23073673248291016
0.054050445556640625,0.054050445556640625,0.054050445556640625,0.17496562004089355,0.17496562004089355,0.3183152675628662,0.3183152675628662,0.3183152675628662,0.3183152675628662,0.3183152675628662,0.3183152675628662,0.3183152675628662,0.3183152675628662,0.3183152675628662,0.3183152675628662
0,0.04336071014404297,0.04336071014404297,0.04336071014404297,0.04336071014404297,0.04336071014404297,0.5468719005584717,0.6070048809051514,0.6070048809051514,0.6070048809051514,0.6070048809051514,0.6070048809051514,0.6070048809051514,0.6070048809051514,0.6070048809051514
0,0,0,0,0,0,0,0,0,0,0,0,0,0,0
0,0.06311297416687012,0.06311297416687012,0.16447234153747559,0.16447234153747559,0.16447234153747559,0.16447234153747559,0.16447234153747559,0.16447234153747559,0.16447234153747559,0.16447234153747559,0.16447234153747559,0.16447234153747559,0.16447234153747559,0.16447234153747559
0,0.025312423706054688,0.025312423706054688,0.19199490547180176,0.19199490547180176,0.15795612335205078,0.15795612335205078,0.15795612335205078,0.15795612335205078,0.15795612335205078,0.15795612335205078,0.15795612335205078,0.15795612335205078,0.15795612335205078,0.15795612335205078
0,0.04485154151916504,0.04485154151916504,0.04485154151916504,0.04485154151916504,0.04485154151916504,0.04485154151916504,0.04485154151916504,0.04485154151916504,0.04485154151916504,0.04485154151916504,0.04485154151916504,0.04485154151916504,0.04485154151916504,0.04485154151916504
0.07056951522827148,0.07056951522827148,0.07056951522827148,0.07056951522827148,0.07056951522827148,0.07056951522827148,0.07056951522827148,0.07056951522827148,0.07056951522827148,0.07056951522827148,0.07056951522827148,0.07056951522827148,0.07056951522827148,0.07056951522827148,0.07056951522827148
0.062401533126831055,0.20940732955932617,0.20940732955932617,0.4079267978668213,0.4079267978668213,0.4079267978668213,0.4079267978668213,0.4079267978668213,0.4079267978668213,0.4079267978668213,0.4655423164367676,0.4655423164367676,0.4655423164367676,0.4655423164367676,0.4655423164367676
0,0.04315924644470215,0.10145163536071777,0.10145163536071777,0.10145163536071777,0.10145163536071777,0.10145163536071777,0.10145163536071777,0.10145163536071777,0.10145163536071777,0.10145163536071777,0.10145163536071777,0.10145163536071777,0.10145163536071777,0.10145163536071777
0,0,0,0,0,0,0,0,0,0,0,0,0,0,0
0,0,0,0,0.1284646987915039,0.1284646987915039,0.1284646987915039,0.1284646987915039,0.1284646987915039,0.1284646987915039,0.1284646987915039,0.1284646987915039,0.1284646987915039,0.1284646987915039,0.1284646987915039
0,0,0,0,0,0,0,0,0,0,0,0,0,0,0
0,0,0,0.15386414527893066,0.15386414527893066,0.15386414527893066,0.15386414527893066,0.15386414527893066,0.15386414527893066,0.15386414527893066,0.15386414527893066,0.15386414527893066,0.15386414527893066,0.15386414527893066,0.15386414527893066
0,0,0,0,0.16939043998718262,0.29500842094421387,0.3655076026916504,0.3655076026916504,0.3655076026916504,0.8006737232208252,0.8006737232208252,0.8006737232208252,0.8006737232208252,0.8006737232208252,0.8006737232208252
0,0.11535167694091797,0.11535167694091797,0.11535167694091797,0.11535167694091797,0.11535167694091797,0.11535167694091797,0.11535167694091797,0.11535167694091797,0.11535167694091797,0.11535167694091797,0.11535167694091797,0.11535167694091797,0.11535167694091797,0.11535167694091797
0,0,0,0.08101153373718262,0.08101153373718262,0.08101153373718262,0.08101153373718262,0.08101153373718262,0.08101153373718262,0.08101153373718262,0.08101153373718262,0.08101153373718262,0.08101153373718262,0.08101153373718262,0.08101153373718262
0,0,0,0,0,0,0,0,0,0,0,0,0,0,0
0,0.026314735412597656,0.026314735412597656,0.026314735412597656,0.026314735412597656,0.026314735412597656,0.026314735412597656,0.026314735412597656,0.026314735412597656,0.026314735412597656,0.026314735412597656,0.026314735412597656,0.026314735412597656,0.026314735412597656,0.026314735412597656
0,0.11368322372436523,0.11368322372436523,1.0144364833831787,0.7315356731414795,0.7315356731414795,0.7315356731414795,0.7315356731414795,0.7315356731414795,0.7315356731414795,0.7315356731414795,0.7315356731414795,0.7315356731414795,0.7315356731414795,0.7315356731414795
0,0.2583804130554199,0.2583804130554199,0.2583804130554199,0.2583804130554199,0.2583804130554199,0.2583804130554199,0.2583804130554199,0.2583804130554199,0.2583804130554199,0.2583804130554199,0.2583804130554199,0.2583804130554199,0.2583804130554199,0.2583804130554199
0,0.045888662338256836,0.045888662338256836,0.045888662338256836,0.045888662338256836,0.045888662338256836,0.045888662338256836,0.045888662338256836,0.045888662338256836,0.045888662338256836,0.045888662338256836,0.045888662338256836,0.045888662338256836,0.045888662338256836,0.045888662338256836
