,gameidx,move
0,20,[]
1,22,1
2,4,0
3,6,1
4,1,1
5,2,0
6,13,1
7,19,1
8,18,1
9,15,0
10,21,1
11,7,1
12,17,1
13,11,0
14,9,0
15,10,1
16,0,0
17,8,1
18,5,1
19,14,0
20,3,0
21,24,1
22,16,1
23,12,1
24,23,1
25,13,0
26,18,[]
27,4,0
28,1,0
29,6,1
30,2,0
31,9,1
32,11,1
33,17,0
34,3,0
35,10,0
36,0,0
37,24,0
38,22,1
39,19,1
40,7,0
41,5,1
42,23,0
43,20,1
44,12,0
45,15,0
46,21,1
47,16,1
48,8,1
49,14,1
50,13,0
51,2,1
52,17,[]
53,9,0
54,19,0
55,24,1
56,0,1
57,6,1
58,11,1
59,22,0
60,16,1
61,5,1
62,15,0
63,14,1
64,8,1
65,20,1
66,1,1
67,21,1
68,10,0
69,18,0
70,12,0
71,7,0
72,3,0
73,4,0
74,23,1
75,13,0
76,18,0
77,20,0
78,8,[]
79,17,0
80,5,0
81,21,0
82,11,0
83,9,0
84,6,0
85,24,1
86,2,0
87,10,0
88,7,1
89,0,1
90,14,0
91,15,0
92,12,0
93,19,1
94,3,1
95,1,1
96,4,0
97,16,1
98,22,1
99,23,0
100,4,1
101,13,1
102,24,0
103,20,0
104,21,[]
105,6,0
106,12,0
107,8,0
108,5,0
109,11,0
110,10,0
111,0,0
112,16,0
113,15,0
114,1,0
115,2,0
116,17,0
117,18,0
118,14,0
119,9,0
120,22,0
121,3,0
122,19,0
123,7,0
124,23,1
125,14,0
126,12,0
127,23,0
128,0,1
129,20,0
130,17,[]
131,6,1
132,10,1
133,4,0
134,8,1
135,22,0
136,21,0
137,1,1
138,24,0
139,15,1
140,2,1
141,7,0
142,9,0
143,13,0
144,5,1
145,18,1
146,19,0
147,11,0
148,16,0
149,3,0
150,12,0
151,14,0
152,6,0
153,2,0
154,11,1
155,19,0
156,10,[]
157,9,0
158,1,0
159,3,1
160,8,1
161,13,1
162,23,1
163,15,0
164,20,0
165,0,0
166,22,0
167,24,0
168,21,0
169,5,0
170,7,0
171,17,0
172,4,0
173,16,0
174,18,0
175,23,1
176,22,1
177,14,0
178,19,0
179,2,0
180,24,0
181,3,0
182,4,[]
183,15,1
184,10,0
185,8,1
186,18,0
187,16,1
188,13,1
189,9,0
190,17,1
191,20,1
192,12,1
193,11,0
194,0,1
195,7,1
196,1,1
197,6,1
198,21,1
199,5,1
200,8,1
201,20,1
202,10,1
203,6,0
204,1,0
205,17,1
206,19,0
207,2,0
208,24,[]
209,16,1
210,12,0
211,3,1
212,11,1
213,22,0
214,7,1
215,23,1
216,5,1
217,9,1
218,0,1
219,21,1
220,13,0
221,15,1
222,18,0
223,14,1
224,4,0
225,20,0
226,18,1
227,4,1
228,22,1
229,0,0
230,21,1
231,9,0
232,12,1
233,14,0
234,10,[]
235,16,0
236,5,1
237,8,0
238,6,0
239,2,1
240,3,1
241,24,0
242,13,0
243,19,1
244,15,0
245,23,1
246,7,0
247,11,1
248,17,1
249,1,0
250,16,0
251,22,1
252,6,0
253,3,0
254,0,1
255,7,1
256,19,0
257,4,0
258,21,0
259,18,0
260,15,[]
261,24,1
262,5,0
263,8,1
264,17,0
265,14,1
266,11,0
267,1,1
268,9,1
269,10,1
270,12,0
271,23,1
272,2,1
273,20,1
274,13,0
275,0,0
276,7,1
277,5,0
278,12,0
279,3,0
280,17,0
281,20,0
282,18,0
283,14,1
284,6,0
285,22,0
286,11,[]
287,2,1
288,21,1
289,19,1
290,13,1
291,15,1
292,23,1
293,16,1
294,10,1
295,9,1
296,4,1
297,24,1
298,8,1
299,1,1
300,6,1
301,3,1
302,13,1
303,23,1
304,10,0
305,22,1
306,16,1
307,5,1
308,7,1
309,4,1
310,0,1
311,12,1
312,21,[]
313,24,1
314,20,0
315,11,0
316,14,1
317,8,1
318,15,0
319,19,1
320,1,1
321,18,0
322,9,1
323,17,1
324,2,0
325,2,0
326,12,1
327,0,0
328,14,0
329,17,1
330,15,0
331,8,1
332,7,0
333,1,0
334,16,1
335,10,0
336,21,0
337,13,1
338,6,[]
339,9,1
340,4,0
341,5,1
342,11,1
343,18,0
344,23,1
345,19,1
346,20,0
347,3,0
348,24,1
349,22,0
350,13,0
351,6,0
352,4,1
353,11,0
354,21,0
355,10,1
356,19,0
357,22,0
358,3,0
359,8,1
360,16,0
361,24,1
362,17,1
363,7,0
364,15,[]
365,20,1
366,1,0
367,5,1
368,14,0
369,0,1
370,23,1
371,12,0
372,18,0
373,9,0
374,2,1
375,15,0
376,20,0
377,16,1
378,14,0
379,22,0
380,21,1
381,11,0
382,23,1
383,17,1
384,18,0
385,4,1
386,5,0
387,10,1
388,1,1
389,0,1
390,7,[]
391,6,1
392,13,0
393,24,1
394,3,1
395,12,0
396,19,1
397,2,0
398,8,0
399,9,0
400,0,0
401,20,1
402,3,0
403,16,0
404,24,0
405,12,0
406,2,0
407,6,1
408,11,0
409,13,1
410,10,1
411,4,1
412,18,1
413,23,0
414,7,1
415,1,0
416,14,[]
417,8,0
418,15,0
419,17,1
420,5,0
421,22,1
422,21,0
423,9,0
424,19,0
425,12,1
426,6,0
427,0,1
428,15,0
429,5,1
430,24,0
431,4,0
432,1,1
433,22,0
434,17,0
435,11,1
436,10,1
437,9,1
438,16,0
439,18,0
440,2,1
441,7,1
442,3,[]
443,20,0
444,13,1
445,8,0
446,23,1
447,21,0
448,19,1
449,14,0
450,24,0
451,2,0
452,0,1
453,20,1
454,5,0
455,13,0
456,21,1
457,8,0
458,11,0
459,10,0
460,4,0
461,23,0
462,22,1
463,6,1
464,14,0
465,18,0
466,16,1
467,9,1
468,17,[]
469,1,0
470,12,0
471,15,0
472,7,0
473,3,0
474,19,0
475,22,0
476,1,0
477,21,0
478,15,0
479,23,0
480,24,0
481,16,0
482,7,0
483,18,0
484,2,0
485,0,0
486,5,0
487,4,0
488,3,0
489,11,0
490,9,0
491,12,0
492,10,0
493,8,0
494,20,[]
495,6,0
496,13,1
497,14,0
498,19,0
499,17,0
500,20,1
501,22,1
502,18,0
503,23,0
504,17,0
505,6,1
506,10,0
507,11,0
508,24,0
509,16,1
510,4,0
511,0,0
512,13,1
513,15,0
514,9,0
515,3,1
516,2,1
517,14,1
518,1,1
519,7,1
520,12,[]
521,19,1
522,5,0
523,8,1
524,21,0
525,24,0
526,23,0
527,8,1
528,9,1
529,21,1
530,20,1
531,11,0
532,4,0
533,16,1
534,17,0
535,3,0
536,7,0
537,13,1
538,19,1
539,15,0
540,12,1
541,18,1
542,5,1
543,2,0
544,1,1
545,10,1
546,0,[]
547,6,1
548,22,0
549,14,1
550,16,0
551,22,1
552,4,0
553,18,0
554,5,0
555,21,1
556,6,0
557,19,0
558,8,0
559,20,0
560,7,1
561,12,1
562,10,0
563,3,0
564,14,1
565,24,0
566,17,0
567,13,0
568,23,1
569,1,1
570,11,0
571,15,1
572,9,[]
573,2,1
574,0,0
575,3,1
576,22,0
577,4,1
578,10,1
579,12,1
580,0,1
581,6,1
582,1,0
583,7,0
584,19,0
585,23,0
586,11,0
587,9,1
588,14,1
589,5,0
590,21,0
591,13,0
592,8,0
593,18,0
594,15,1
595,24,1
596,17,1
597,16,1
598,2,[]
599,20,1
600,24,1
601,4,1
602,0,0
603,5,1
604,3,1
605,20,1
606,16,0
607,22,1
608,9,1
609,23,1
610,8,0
611,10,0
612,18,0
613,12,1
614,1,1
615,19,0
616,6,1
617,17,1
618,21,0
619,13,1
620,2,1
621,15,1
622,11,0
623,14,0
624,7,[]
625,11,1
626,2,1
627,14,1
628,21,1
629,13,1
630,24,0
631,10,0
632,6,0
633,1,0
634,12,0
635,8,1
636,20,0
637,17,0
638,16,0
639,15,0
640,23,1
641,9,1
642,4,0
643,22,0
644,7,1
645,3,0
646,0,1
647,19,1
648,5,1
649,18,0
650,10,[]
651,1,0
652,24,0
653,4,1
654,20,1
655,15,0
656,14,1
657,22,0
658,13,1
659,16,1
660,17,1
661,8,0
662,11,0
663,18,0
664,2,1
665,3,1
666,19,0
667,6,0
668,0,0
669,9,0
670,21,0
671,5,1
672,7,1
673,12,1
674,23,0
675,8,0
676,13,[]
677,24,0
678,4,0
679,22,1
680,6,1
681,21,0
682,17,1
683,1,1
684,18,0
685,11,0
686,0,1
687,19,1
688,3,0
689,15,1
690,14,1
691,5,1
692,16,1
693,12,0
694,2,1
695,7,1
696,10,1
697,20,1
698,9,1
699,23,1
700,22,1
701,0,1
702,7,[]
703,14,1
704,1,0
705,24,1
706,8,1
707,21,0
708,11,1
709,18,1
710,12,0
711,3,0
712,10,0
713,17,0
714,16,1
715,5,1
716,13,1
717,2,1
718,23,1
719,20,0
720,6,1
721,4,1
722,15,0
723,9,0
724,19,0
725,21,0
726,17,0
727,22,1
728,8,[]
729,23,0
730,13,1
731,1,0
732,0,0
733,6,1
734,15,1
735,9,1
736,10,1
737,19,0
738,11,0
739,5,0
740,18,1
741,3,0
742,7,0
743,12,1
744,2,0
745,20,0
746,4,0
747,14,0
748,24,0
749,16,1
750,18,0
751,7,1
752,2,1
753,24,1
754,11,[]
755,9,1
756,17,0
757,19,0
758,16,1
759,10,1
760,0,1
761,4,0
762,6,1
763,20,1
764,23,1
765,14,0
766,5,0
767,12,0
768,13,0
769,1,0
770,22,1
771,8,0
772,3,0
773,15,0
774,21,0
775,4,0
776,22,0
777,1,1
778,11,1
779,24,1
780,3,[]
781,23,1
782,19,0
783,7,0
784,10,1
785,16,0
786,12,0
787,13,0
788,5,1
789,8,1
790,14,0
791,20,1
792,21,0
793,2,1
794,18,0
795,0,1
796,6,1
797,15,1
798,17,0
799,9,0
800,16,0
801,15,0
802,19,1
803,13,0
804,2,1
805,14,1
806,11,[]
807,0,1
808,8,0
809,21,1
810,5,0
811,7,1
812,4,0
813,23,0
814,9,1
815,6,0
816,22,1
817,18,0
818,12,1
819,24,0
820,17,0
821,20,0
822,3,1
823,1,1
824,10,1
825,7,1
826,13,0
827,22,1
828,19,0
829,4,0
830,23,0
831,8,1
832,10,[]
833,20,0
834,15,1
835,21,0
836,3,0
837,14,1
838,0,1
839,2,0
840,24,1
841,18,1
842,11,1
843,16,1
844,17,0
845,9,1
846,12,0
847,1,1
848,6,1
849,5,0
850,12,1
851,8,0
852,13,1
853,2,1
854,6,1
855,24,0
856,10,0
857,0,0
858,22,[]
859,19,0
860,14,0
861,4,0
862,7,1
863,17,0
864,21,0
865,16,1
866,15,0
867,5,0
868,23,1
869,1,1
870,3,1
871,20,1
872,9,1
873,11,0
874,18,1
875,13,0
876,20,0
877,23,1
878,14,0
879,8,0
880,2,1
881,11,0
882,5,1
883,7,0
884,19,[]
885,15,0
886,16,1
887,21,0
888,1,0
889,4,0
890,12,0
891,9,0
892,17,0
893,0,0
894,6,1
895,18,1
896,24,1
897,3,0
898,22,0
899,10,1
900,3,1
901,19,1
902,0,1
903,5,0
904,18,0
905,20,1
906,14,1
907,16,1
908,2,1
909,10,0
910,4,[]
911,15,0
912,8,0
913,23,0
914,17,1
915,6,0
916,11,0
917,22,0
918,12,0
919,21,0
920,9,1
921,24,1
922,1,0
923,7,0
924,13,0
925,3,1
926,0,0
927,7,1
928,13,1
929,22,0
930,14,1
931,24,0
932,1,1
933,20,0
934,17,0
935,2,0
936,4,[]
937,15,1
938,18,1
939,16,0
940,6,1
941,5,0
942,10,1
943,23,0
944,8,1
945,11,0
946,19,0
947,12,0
948,21,0
949,9,1
950,2,0
951,21,0
952,5,1
953,11,0
954,13,0
955,18,0
956,8,1
957,0,0
958,3,1
959,22,0
960,15,0
961,1,0
962,10,[]
963,20,0
964,23,0
965,12,0
966,7,0
967,16,0
968,14,1
969,6,1
970,9,1
971,24,0
972,4,0
973,19,1
974,17,1
975,15,1
976,17,0
977,24,1
978,20,1
979,16,0
980,19,0
981,10,0
982,7,0
983,0,0
984,8,1
985,9,1
986,13,1
987,12,0
988,6,[]
989,11,1
990,21,1
991,14,1
992,18,1
993,2,1
994,3,0
995,22,1
996,23,1
997,5,1
998,1,0
999,4,1
1000,20,0
1001,8,0
1002,2,0
1003,0,0
1004,23,0
1005,10,0
1006,6,1
1007,7,1
1008,21,1
1009,3,1
1010,15,1
1011,13,1
1012,12,1
1013,14,1
1014,11,[]
1015,16,1
1016,5,0
1017,19,1
1018,22,0
1019,18,1
1020,4,1
1021,9,0
1022,1,0
1023,17,1
1024,24,0
1025,9,1
1026,1,0
1027,24,0
1028,12,1
1029,7,0
1030,23,1
1031,5,1
1032,15,0
1033,3,1
1034,20,1
1035,13,0
1036,8,0
1037,0,1
1038,2,0
1039,18,0
1040,19,[]
1041,11,0
1042,14,1
1043,21,0
1044,22,1
1045,17,0
1046,10,0
1047,6,1
1048,16,0
1049,4,0
1050,24,0
1051,11,0
1052,15,0
1053,14,0
1054,13,1
1055,20,0
1056,10,0
1057,6,0
1058,16,0
1059,8,1
1060,17,1
1061,1,1
1062,5,0
1063,4,0
1064,2,0
1065,9,1
1066,3,[]
1067,7,1
1068,12,1
1069,19,1
1070,18,0
1071,21,0
1072,23,0
1073,0,1
1074,22,1
1075,4,1
1076,7,0
1077,6,0
1078,0,1
1079,20,0
1080,22,0
1081,3,0
1082,14,1
1083,13,0
1084,17,1
1085,16,0
1086,21,0
1087,18,0
1088,23,1
1089,10,1
1090,5,1
1091,12,0
1092,1,[]
1093,19,1
1094,8,1
1095,11,0
1096,9,1
1097,2,1
1098,15,1
1099,24,1
1100,3,1
1101,5,0
1102,8,1
1103,14,1
1104,10,1
1105,6,1
1106,17,1
1107,18,1
1108,16,1
1109,7,1
1110,21,0
1111,9,0
1112,13,1
1113,15,0
1114,19,0
1115,12,1
1116,2,1
1117,11,0
1118,23,[]
1119,20,0
1120,4,0
1121,22,1
1122,0,1
1123,1,0
1124,24,0
1125,2,1
1126,7,1
1127,13,0
1128,20,0
1129,9,1
1130,22,0
1131,23,1
1132,19,1
1133,4,1
1134,5,1
1135,3,0
1136,8,1
1137,18,0
1138,24,0
1139,21,0
1140,1,0
1141,15,0
1142,17,1
1143,12,1
1144,16,[]
1145,14,0
1146,6,1
1147,11,1
1148,0,1
1149,10,0
1150,4,1
1151,24,0
1152,3,0
1153,13,1
1154,5,0
1155,19,1
1156,16,0
1157,23,0
1158,22,1
1159,20,1
1160,7,0
1161,6,1
1162,18,0
1163,8,0
1164,9,1
1165,0,1
1166,2,0
1167,11,1
1168,12,0
1169,15,0
1170,21,[]
1171,10,0
1172,1,1
1173,17,0
1174,14,1
1175,22,0
1176,12,0
1177,14,0
1178,4,1
1179,3,1
1180,8,0
1181,15,1
1182,23,1
1183,21,0
1184,2,1
1185,0,1
1186,5,0
1187,17,1
1188,16,0
1189,18,0
1190,9,1
1191,7,1
1192,20,1
1193,11,0
1194,13,1
1195,10,0
1196,24,[]
1197,19,0
1198,1,0
1199,6,0
1200,8,0
1201,15,0
1202,23,1
1203,5,0
1204,24,0
1205,6,0
1206,3,1
1207,16,0
1208,11,0
1209,19,0
1210,0,0
1211,22,0
1212,1,1
1213,10,1
1214,21,0
1215,20,0
1216,14,0
1217,4,1
1218,2,0
1219,18,0
1220,7,1
1221,9,0
1222,13,[]
1223,17,0
1224,12,0
1225,2,1
1226,18,0
1227,1,0
1228,3,1
1229,11,1
1230,23,0
1231,20,0
1232,24,0
1233,15,0
1234,0,0
1235,5,0
1236,10,0
1237,7,0
1238,22,0
1239,4,0
1240,8,0
1241,19,0
1242,12,0
1243,17,0
1244,9,0
1245,21,0
1246,14,0
1247,6,0
1248,16,[]
1249,13,1
1250,20,1
1251,18,0
1252,22,0
1253,9,1
1254,21,1
1255,4,1
1256,0,1
1257,17,0
1258,14,1
1259,15,0
1260,23,0
1261,5,0
1262,1,0
1263,11,1
1264,12,0
1265,13,1
1266,6,0
1267,10,0
1268,16,0
1269,19,0
1270,2,0
1271,7,0
1272,3,0
1273,8,0
1274,24,[]
1275,10,0
1276,15,1
1277,4,1
1278,7,0
1279,3,1
1280,23,0
1281,20,1
1282,24,1
1283,19,1
1284,21,1
1285,1,1
1286,13,0
1287,9,1
1288,11,0
1289,8,1
1290,6,0
1291,2,1
1292,18,0
1293,22,1
1294,17,0
1295,14,0
1296,16,1
1297,12,0
1298,0,0
1299,5,1
1300,18,[]
1301,2,1
1302,8,0
1303,7,0
1304,10,0
1305,3,0
1306,11,1
1307,20,1
1308,23,0
1309,9,1
1310,17,1
1311,14,0
1312,24,1
1313,12,0
1314,22,0
1315,0,1
1316,19,0
1317,13,1
1318,4,0
1319,15,1
1320,6,1
1321,16,0
1322,5,0
1323,1,0
1324,21,1
1325,9,1
1326,12,[]
1327,11,0
1328,6,1
1329,3,1
1330,19,0
1331,22,0
1332,5,1
1333,15,1
1334,0,0
1335,8,0
1336,2,0
1337,20,0
1338,21,0
1339,4,0
1340,18,0
1341,14,1
1342,23,1
1343,16,1
1344,24,0
1345,7,0
1346,1,0
1347,13,1
1348,10,1
1349,17,0
1350,22,1
1351,4,0
1352,16,[]
1353,7,0
1354,12,0
1355,24,1
1356,21,0
1357,1,0
1358,19,1
1359,11,0
1360,2,0
1361,13,0
1362,20,0
1363,6,0
1364,10,1
1365,17,1
1366,23,0
1367,5,0
1368,9,1
1369,15,1
1370,0,0
1371,8,1
1372,3,1
1373,14,1
1374,18,1
1375,16,0
1376,3,0
1377,7,1
1378,17,[]
1379,10,0
1380,11,0
1381,8,1
1382,0,1
1383,6,1
1384,19,0
1385,12,0
1386,2,0
1387,13,0
1388,23,0
1389,22,0
1390,24,0
1391,1,0
1392,18,0
1393,14,0
1394,20,0
1395,5,0
1396,9,0
1397,15,0
1398,4,0
1399,21,0
1400,21,0
1401,24,0
1402,23,0
1403,2,0
1404,6,[]
1405,5,0
1406,18,0
1407,19,1
1408,8,0
1409,22,0
1410,3,1
1411,13,1
1412,4,0
1413,0,1
1414,17,0
1415,14,0
1416,9,0
1417,15,0
1418,10,1
1419,7,0
1420,16,0
1421,20,0
1422,12,1
1423,1,0
1424,11,1
1425,12,1
1426,8,0
1427,6,0
1428,13,1
1429,11,0
1430,22,[]
1431,14,1
1432,18,0
1433,2,0
1434,10,0
1435,16,0
1436,21,0
1437,17,1
1438,19,1
1439,15,1
1440,4,1
1441,7,0
1442,24,1
1443,1,0
1444,20,1
1445,3,0
1446,9,1
1447,0,0
1448,5,1
1449,23,1
1450,9,0
1451,12,0
1452,0,0
1453,1,1
1454,21,0
1455,14,1
1456,3,[]
1457,17,0
1458,23,1
1459,10,1
1460,22,1
1461,8,1
1462,18,1
1463,4,1
1464,5,1
1465,7,1
1466,24,0
1467,19,0
1468,11,1
1469,6,1
1470,16,1
1471,15,0
1472,20,1
1473,13,0
1474,2,0
1475,3,0
1476,22,1
1477,24,1
1478,17,0
1479,12,0
1480,6,0
1481,9,1
1482,16,[]
1483,1,0
1484,23,1
1485,5,1
1486,13,0
1487,7,0
1488,4,0
1489,21,1
1490,14,0
1491,10,0
1492,20,0
1493,0,1
1494,11,1
1495,8,0
1496,15,1
1497,2,1
1498,18,1
1499,19,0
1500,0,1
1501,12,0
1502,18,1
1503,10,1
1504,21,0
1505,23,1
1506,11,0
1507,7,0
1508,3,[]
1509,20,0
1510,5,1
1511,17,1
1512,8,0
1513,6,1
1514,15,1
1515,2,0
1516,13,0
1517,4,0
1518,1,0
1519,16,0
1520,24,1
1521,14,0
1522,22,1
1523,9,0
1524,19,0
1525,19,1
1526,13,1
1527,0,0
1528,3,1
1529,23,1
1530,2,1
1531,7,0
1532,15,0
1533,6,1
1534,11,[]
1535,10,1
1536,5,0
1537,24,1
1538,12,0
1539,8,0
1540,17,1
1541,14,0
1542,21,1
1543,20,0
1544,4,0
1545,22,1
1546,1,0
1547,16,0
1548,9,1
1549,18,1
1550,6,0
1551,5,0
1552,8,0
1553,9,1
1554,14,0
1555,20,0
1556,18,1
1557,17,0
1558,24,0
1559,12,1
1560,2,[]
1561,23,1
1562,11,0
1563,4,0
1564,15,0
1565,22,1
1566,19,0
1567,13,0
1568,0,0
1569,10,1
1570,3,0
1571,16,1
1572,7,0
1573,1,1
1574,21,1
1575,20,1
1576,17,0
1577,12,0
1578,2,1
1579,0,0
1580,22,1
1581,19,1
1582,23,1
1583,15,0
1584,5,0
1585,9,1
1586,7,[]
1587,24,1
1588,18,0
1589,1,1
1590,8,1
1591,13,0
1592,14,0
1593,10,0
1594,6,1
1595,21,1
1596,16,0
1597,3,0
1598,11,1
1599,4,1
1600,19,0
1601,4,0
1602,23,0
1603,17,1
1604,8,1
1605,20,0
1606,5,0
1607,11,0
1608,7,1
1609,12,1
1610,13,0
1611,18,0
1612,9,[]
1613,1,1
1614,0,0
1615,6,1
1616,2,0
1617,14,1
1618,22,0
1619,16,1
1620,24,0
1621,10,1
1622,3,0
1623,15,1
1624,21,1
1625,10,0
1626,7,1
1627,12,0
1628,8,1
1629,16,1
1630,21,1
1631,11,1
1632,23,1
1633,2,0
1634,22,1
1635,19,1
1636,3,0
1637,4,1
1638,17,[]
1639,6,0
1640,14,0
1641,18,0
1642,1,0
1643,9,0
1644,15,0
1645,5,1
1646,24,0
1647,0,0
1648,13,1
1649,20,0
1650,9,0
1651,5,1
1652,0,0
1653,10,1
1654,24,0
1655,19,1
1656,3,1
1657,14,0
1658,2,1
1659,6,1
1660,11,1
1661,22,0
1662,12,1
1663,21,1
1664,13,[]
1665,17,1
1666,16,1
1667,20,0
1668,8,0
1669,7,1
1670,15,0
1671,23,1
1672,4,0
1673,18,1
1674,1,0
1675,10,0
1676,1,0
1677,18,0
1678,22,0
1679,19,1
1680,16,1
1681,17,1
1682,2,1
1683,24,0
1684,23,1
1685,9,1
1686,11,0
1687,21,0
1688,0,1
1689,20,1
1690,5,[]
1691,13,1
1692,6,0
1693,3,0
1694,14,1
1695,7,1
1696,12,1
1697,15,0
1698,8,1
1699,4,0
1700,12,0
1701,10,0
1702,20,1
1703,11,1
1704,16,1
1705,19,1
1706,8,1
1707,18,0
1708,0,0
1709,2,0
1710,17,1
1711,15,1
1712,5,1
1713,14,1
1714,6,0
1715,1,0
1716,21,[]
1717,4,0
1718,7,1
1719,9,0
1720,23,1
1721,24,1
1722,22,0
1723,3,1
1724,13,0
1725,13,1
1726,11,1
1727,15,0
1728,7,0
1729,17,1
1730,5,1
1731,19,1
1732,18,0
1733,3,1
1734,2,1
1735,16,0
1736,1,0
1737,0,1
1738,8,1
1739,9,0
1740,22,1
1741,23,1
1742,24,[]
1743,6,0
1744,12,0
1745,20,0
1746,21,0
1747,10,0
1748,4,0
1749,14,0
1750,18,0
1751,15,0
1752,2,0
1753,10,0
1754,21,0
1755,11,0
1756,5,0
1757,16,0
1758,17,0
1759,4,0
1760,13,0
1761,1,0
1762,3,0
1763,8,0
1764,0,0
1765,12,0
1766,6,0
1767,14,0
1768,20,[]
1769,23,0
1770,19,0
1771,24,1
1772,7,0
1773,9,0
1774,22,1
1775,20,0
1776,5,0
1777,21,1
1778,11,0
1779,9,1
1780,4,0
1781,2,1
1782,0,0
1783,14,0
1784,8,0
1785,22,0
1786,17,1
1787,7,0
1788,15,0
1789,13,0
1790,24,0
1791,18,0
1792,1,1
1793,19,0
1794,3,[]
1795,10,1
1796,6,0
1797,16,0
1798,12,0
1799,23,0
1800,8,0
1801,17,1
1802,12,0
1803,0,1
1804,13,1
1805,9,1
1806,15,0
1807,2,1
1808,4,0
1809,23,1
1810,1,0
1811,14,1
1812,19,0
1813,6,1
1814,20,0
1815,5,1
1816,18,1
1817,24,0
1818,21,0
1819,16,0
1820,3,[]
1821,10,0
1822,22,1
1823,7,1
1824,11,1
1825,17,1
1826,14,0
1827,22,0
1828,10,0
1829,2,1
1830,6,0
1831,16,0
1832,12,0
1833,15,1
1834,3,0
1835,13,1
1836,20,0
1837,4,1
1838,18,0
1839,23,0
1840,1,1
1841,8,1
1842,9,1
1843,24,0
1844,7,0
1845,0,0
1846,19,[]
1847,5,0
1848,11,0
1849,21,1
1850,12,0
1851,19,0
1852,22,1
1853,23,0
1854,11,1
1855,2,1
1856,14,0
1857,18,0
1858,21,0
1859,5,0
1860,6,1
1861,10,0
1862,4,1
1863,16,0
1864,24,0
1865,3,1
1866,20,0
1867,8,0
1868,7,1
1869,0,1
1870,1,0
1871,13,0
1872,17,[]
1873,9,0
1874,15,0
1875,22,0
1876,8,1
1877,20,0
1878,12,0
1879,23,1
1880,11,0
1881,5,0
1882,18,1
1883,7,0
1884,21,1
1885,15,1
1886,24,1
1887,0,1
1888,6,1
1889,17,0
1890,4,1
1891,19,1
1892,9,1
1893,3,0
1894,13,0
1895,16,0
1896,2,0
1897,10,0
1898,1,[]
1899,14,0
1900,15,1
1901,24,0
1902,19,0
1903,1,0
1904,14,1
1905,10,1
1906,9,0
1907,11,1
1908,6,0
1909,5,0
1910,17,0
1911,3,1
1912,8,0
1913,21,0
1914,4,0
1915,7,1
1916,23,0
1917,20,1
1918,13,0
1919,0,1
1920,16,1
1921,18,0
1922,12,0
1923,22,1
1924,2,[]
1925,21,0
1926,14,0
1927,9,0
1928,22,1
1929,4,0
1930,16,0
1931,12,0
1932,3,1
1933,0,0
1934,19,1
1935,5,1
1936,2,0
1937,11,1
1938,10,1
1939,17,1
1940,15,0
1941,1,1
1942,8,1
1943,20,0
1944,18,1
1945,24,0
1946,6,1
1947,13,1
1948,23,1
1949,7,1
1950,2,[]
1951,5,0
1952,21,1
1953,7,0
1954,12,1
1955,10,0
1956,18,0
1957,11,0
1958,4,0
1959,0,0
1960,24,1
1961,3,1
1962,13,1
1963,20,1
1964,8,1
1965,19,0
1966,16,1
1967,1,1
1968,15,0
1969,9,0
1970,6,0
1971,22,1
1972,23,0
1973,17,0
1974,14,0
1975,4,1
1976,20,[]
1977,9,1
1978,12,1
1979,22,1
1980,14,0
1981,6,1
1982,7,0
1983,10,1
1984,21,1
1985,0,1
1986,23,1
1987,3,1
1988,11,0
1989,2,1
1990,5,1
1991,19,0
1992,1,1
1993,24,0
1994,13,0
1995,8,1
1996,16,1
1997,18,1
1998,17,0
1999,15,0
2000,4,0
2001,17,0
2002,0,[]
2003,18,1
2004,2,1
2005,3,1
2006,13,0
2007,24,1
2008,14,0
2009,8,0
2010,10,0
2011,6,0
2012,15,0
2013,20,0
2014,19,0
2015,23,0
2016,7,0
2017,22,0
2018,5,0
2019,12,0
2020,11,0
2021,1,0
2022,21,0
2023,16,0
2024,9,0
2025,22,0
2026,6,0
2027,21,0
2028,2,[]
2029,14,1
2030,17,0
2031,20,1
2032,10,1
2033,5,0
2034,4,0
2035,16,0
2036,11,1
2037,7,0
2038,8,1
2039,1,1
2040,0,0
2041,13,0
2042,23,0
2043,18,1
2044,15,1
2045,12,1
2046,9,0
2047,24,1
2048,3,0
2049,19,1
2050,22,0
2051,18,0
2052,23,1
2053,2,1
2054,24,[]
2055,3,1
2056,16,0
2057,20,0
2058,11,1
2059,6,0
2060,7,1
2061,12,1
2062,17,0
2063,19,0
2064,10,1
2065,1,1
2066,9,0
2067,21,1
2068,5,0
2069,15,0
2070,13,1
2071,0,1
2072,14,0
2073,8,1
2074,4,0
2075,1,1
2076,24,1
2077,15,0
2078,21,0
2079,5,1
2080,4,[]
2081,3,0
2082,20,1
2083,22,1
2084,12,1
2085,7,0
2086,18,1
2087,16,1
2088,6,1
2089,9,1
2090,2,0
2091,8,1
2092,10,1
2093,0,1
2094,13,0
2095,11,1
2096,14,1
2097,19,0
2098,23,1
2099,17,0
2100,17,1
2101,13,0
2102,11,0
2103,3,1
2104,14,1
2105,2,1
2106,18,[]
2107,16,1
2108,20,0
2109,24,0
2110,5,0
2111,19,1
2112,6,1
2113,1,1
2114,15,1
2115,0,0
2116,22,0
2117,21,1
2118,4,0
2119,12,1
2120,23,1
2121,9,1
2122,10,1
2123,7,1
2124,8,1
2125,10,1
2126,24,1
2127,4,0
2128,19,1
2129,7,0
2130,12,1
2131,0,0
2132,15,[]
2133,6,0
2134,20,0
2135,11,0
2136,8,0
2137,13,1
2138,1,0
2139,9,1
2140,5,0
2141,22,0
2142,14,1
2143,3,0
2144,2,1
2145,18,0
2146,21,1
2147,16,0
2148,23,0
2149,17,0
2150,7,1
2151,4,0
2152,21,1
2153,24,0
2154,10,1
2155,23,1
2156,3,1
2157,13,1
2158,15,[]
2159,22,0
2160,5,1
2161,14,1
2162,9,1
2163,6,0
2164,2,1
2165,8,1
2166,12,0
2167,17,0
2168,11,0
2169,0,0
2170,16,1
2171,20,1
2172,1,1
2173,19,0
2174,18,1
2175,2,0
2176,11,0
2177,20,1
2178,19,0
2179,18,0
2180,6,1
2181,15,0
2182,21,1
2183,13,0
2184,12,[]
2185,0,0
2186,5,1
2187,22,0
2188,1,1
2189,14,1
2190,8,1
2191,4,0
2192,9,1
2193,3,0
2194,7,1
2195,17,1
2196,23,1
2197,16,1
2198,24,0
2199,10,1
2200,21,1
2201,9,0
2202,3,1
2203,2,1
2204,11,0
2205,23,0
2206,0,0
2207,16,0
2208,24,0
2209,20,1
2210,13,[]
2211,18,0
2212,1,1
2213,17,0
2214,6,0
2215,15,0
2216,8,0
2217,5,1
2218,14,1
2219,7,1
2220,22,0
2221,10,0
2222,19,1
2223,4,0
2224,12,0
2225,9,0
2226,7,0
2227,10,0
2228,14,1
2229,21,0
2230,16,1
2231,0,0
2232,19,0
2233,6,1
2234,15,1
2235,13,0
2236,17,[]
2237,18,0
2238,24,1
2239,5,1
2240,23,1
2241,2,0
2242,20,0
2243,4,1
2244,22,0
2245,8,1
2246,12,0
2247,1,1
2248,11,1
2249,3,0
2250,2,1
2251,5,0
2252,15,1
2253,10,0
2254,23,0
2255,6,0
2256,0,1
2257,17,1
2258,11,0
2259,4,0
2260,14,1
2261,1,0
2262,19,[]
2263,22,1
2264,16,1
2265,9,1
2266,24,0
2267,7,0
2268,8,1
2269,12,1
2270,3,0
2271,21,1
2272,20,0
2273,13,1
2274,18,1
2275,3,0
2276,20,0
2277,23,1
2278,5,1
2279,10,0
2280,0,0
2281,17,1
2282,7,0
2283,22,0
2284,8,0
2285,11,1
2286,6,0
2287,19,0
2288,16,[]
2289,18,0
2290,15,1
2291,12,0
2292,4,1
2293,21,0
2294,9,0
2295,1,1
2296,2,1
2297,24,1
2298,13,0
2299,14,0
2300,10,0
2301,6,0
2302,0,0
2303,2,1
2304,23,1
2305,18,0
2306,22,0
2307,7,0
2308,9,0
2309,19,0
2310,12,0
2311,16,1
2312,14,0
2313,3,0
2314,5,[]
2315,8,1
2316,4,0
2317,1,1
2318,15,0
2319,24,1
2320,20,1
2321,11,1
2322,17,0
2323,21,1
2324,13,1
2325,11,1
2326,17,0
2327,24,0
2328,5,1
2329,14,1
2330,10,0
2331,13,0
2332,7,0
2333,15,0
2334,2,0
2335,1,0
2336,19,0
2337,20,0
2338,23,0
2339,18,1
2340,8,[]
2341,22,0
2342,16,1
2343,4,1
2344,21,0
2345,12,0
2346,0,1
2347,3,1
2348,9,0
2349,6,0
2350,6,1
2351,16,1
2352,22,0
2353,9,1
2354,19,0
2355,7,1
2356,23,1
2357,15,1
2358,1,0
2359,21,1
2360,10,0
2361,8,1
2362,14,1
2363,4,0
2364,12,0
2365,17,0
2366,11,[]
2367,18,1
2368,24,0
2369,5,0
2370,13,1
2371,20,1
2372,2,1
2373,0,0
2374,3,0
2375,23,0
2376,0,1
2377,7,0
2378,24,1
2379,11,1
2380,17,1
2381,16,0
2382,15,1
2383,9,0
2384,21,1
2385,4,1
2386,2,0
2387,19,0
2388,18,1
2389,14,1
2390,1,0
2391,6,1
2392,10,[]
2393,3,0
2394,13,1
2395,5,1
2396,20,1
2397,12,0
2398,22,0
2399,8,0
2400,13,0
2401,12,0
2402,9,1
2403,3,0
2404,20,1
2405,16,1
2406,6,1
2407,18,1
2408,15,1
2409,10,1
2410,5,0
2411,24,1
2412,19,1
2413,23,0
2414,17,0
2415,8,0
2416,4,1
2417,2,0
2418,11,[]
2419,22,0
2420,0,0
2421,21,1
2422,7,0
2423,1,1
2424,14,0
2425,13,0
2426,6,0
2427,1,1
2428,20,1
2429,9,0
2430,14,1
2431,8,0
2432,21,0
2433,19,0
2434,0,1
2435,5,0
2436,22,1
2437,15,0
2438,2,0
2439,17,0
2440,23,1
2441,12,0
2442,24,0
2443,3,1
2444,7,[]
2445,18,1
2446,16,1
2447,10,0
2448,4,0
2449,11,0
2450,5,0
2451,14,1
2452,11,1
2453,0,0
2454,17,0
2455,7,0
2456,23,1
2457,1,1
2458,22,1
2459,12,0
2460,2,0
2461,13,0
2462,20,1
2463,19,1
2464,15,1
2465,9,1
2466,8,0
2467,6,1
2468,18,1
2469,4,0
2470,24,[]
2471,16,0
2472,21,1
2473,3,0
2474,10,1
2475,15,0
2476,14,0
2477,0,1
2478,10,1
2479,16,0
2480,12,0
2481,19,1
2482,17,0
2483,4,1
2484,11,0
2485,8,1
2486,20,0
2487,7,1
2488,9,0
2489,5,0
2490,2,0
2491,22,1
2492,6,0
2493,21,0
2494,18,1
2495,3,1
2496,13,[]
2497,23,1
2498,1,1
2499,24,1
2500,11,1
2501,19,0
2502,10,1
2503,6,1
2504,8,0
2505,9,1
2506,24,1
2507,22,1
2508,4,1
2509,20,1
2510,18,0
2511,14,0
2512,1,1
2513,3,0
2514,16,1
2515,17,1
2516,15,0
2517,7,1
2518,0,1
2519,12,1
2520,21,0
2521,5,1
2522,23,[]
2523,2,0
2524,13,1
2525,11,0
2526,5,0
2527,8,0
2528,9,1
2529,7,0
2530,10,1
2531,4,1
2532,16,1
2533,1,0
2534,18,0
2535,3,1
2536,2,0
2537,17,0
2538,0,1
2539,6,0
2540,21,1
2541,23,1
2542,15,0
2543,19,0
2544,12,1
2545,14,0
2546,24,1
2547,22,0
2548,13,[]
2549,20,1
2550,21,1
2551,19,1
2552,24,1
2553,15,0
2554,12,1
2555,7,0
2556,23,1
2557,3,0
2558,13,0
2559,6,1
2560,20,0
2561,14,1
2562,8,0
2563,1,1
2564,17,1
2565,4,1
2566,5,0
2567,0,1
2568,11,1
2569,18,1
2570,10,0
2571,16,1
2572,22,1
2573,9,0
2574,2,[]
2575,23,1
2576,1,1
2577,5,1
2578,14,1
2579,11,1
2580,4,0
2581,10,1
2582,7,0
2583,17,0
2584,13,0
2585,19,1
2586,16,0
2587,20,0
2588,12,0
2589,6,0
2590,18,0
2591,24,0
2592,15,1
2593,9,0
2594,21,0
2595,3,1
2596,0,0
2597,8,0
2598,22,0
2599,2,1
2600,15,[]
2601,12,0
2602,7,1
2603,8,0
2604,3,1
2605,10,1
2606,18,0
2607,5,1
2608,17,0
2609,21,1
2610,14,0
2611,1,0
2612,6,1
2613,19,0
2614,13,1
2615,22,1
2616,23,0
2617,0,1
2618,16,0
2619,11,1
2620,20,0
2621,4,0
2622,2,0
2623,9,0
2624,24,1
2625,13,0
2626,11,[]
2627,9,0
2628,4,1
2629,2,1
2630,5,0
2631,12,0
2632,16,0
2633,8,1
2634,23,1
2635,17,0
2636,7,0
2637,10,0
2638,24,1
2639,6,0
2640,21,1
2641,22,1
2642,18,1
2643,19,0
2644,14,1
2645,3,1
2646,20,1
2647,0,1
2648,15,1
2649,1,0
2650,3,0
2651,22,0
2652,13,[]
2653,1,0
2654,8,1
2655,24,1
2656,14,1
2657,20,1
2658,9,0
2659,10,0
2660,5,1
2661,2,0
2662,23,1
2663,18,0
2664,11,1
2665,21,1
2666,12,0
2667,17,0
2668,6,1
2669,7,0
2670,0,0
2671,19,0
2672,4,0
2673,15,0
2674,16,1
2675,7,0
2676,8,0
2677,17,0
2678,3,[]
2679,16,1
2680,2,0
2681,6,0
2682,14,1
2683,5,0
2684,13,0
2685,18,0
2686,0,0
2687,9,0
2688,21,0
2689,20,0
2690,24,0
2691,11,0
2692,10,0
2693,15,1
2694,1,0
2695,19,0
2696,4,0
2697,12,0
2698,22,1
2699,23,0
2700,20,0
2701,10,0
2702,9,0
2703,3,0
2704,1,[]
2705,7,1
2706,2,0
2707,16,0
2708,5,1
2709,17,0
2710,4,0
2711,21,0
2712,18,1
2713,15,0
2714,22,1
2715,23,1
2716,6,0
2717,8,1
2718,11,1
2719,14,0
2720,19,0
2721,0,0
2722,12,1
2723,13,1
2724,24,0
2725,19,0
2726,0,1
2727,7,1
2728,20,0
2729,1,1
2730,10,[]
2731,8,0
2732,2,1
2733,9,0
2734,14,1
2735,16,1
2736,23,1
2737,24,1
2738,5,1
2739,21,1
2740,17,0
2741,11,0
2742,4,0
2743,22,1
2744,12,1
2745,13,1
2746,3,0
2747,15,0
2748,18,0
2749,6,1
2750,13,1
2751,12,0
2752,4,1
2753,8,0
2754,22,1
2755,11,0
2756,23,[]
2757,10,1
2758,0,0
2759,6,0
2760,5,0
2761,14,1
2762,9,1
2763,15,1
2764,3,0
2765,19,0
2766,2,0
2767,18,1
2768,1,0
2769,21,0
2770,24,1
2771,7,0
2772,17,1
2773,16,0
2774,20,0
2775,15,1
2776,4,0
2777,16,1
2778,6,1
2779,7,1
2780,2,0
2781,13,1
2782,24,[]
2783,9,0
2784,12,0
2785,19,0
2786,10,1
2787,14,1
2788,1,0
2789,8,1
2790,0,1
2791,18,1
2792,20,0
2793,3,0
2794,11,1
2795,23,0
2796,5,1
2797,21,0
2798,17,1
2799,22,0
2800,1,0
2801,0,1
2802,3,0
2803,18,1
2804,13,1
2805,7,1
2806,2,0
2807,17,0
2808,8,[]
2809,15,1
2810,23,0
2811,5,0
2812,24,0
2813,9,1
2814,11,1
2815,22,1
2816,21,0
2817,20,1
2818,14,0
2819,12,0
2820,10,1
2821,19,0
2822,4,0
2823,6,0
2824,16,1
2825,8,1
2826,21,1
2827,5,1
2828,0,1
2829,6,0
2830,2,0
2831,14,1
2832,4,0
2833,20,1
2834,7,[]
2835,1,1
2836,19,1
2837,9,1
2838,12,0
2839,23,1
2840,15,1
2841,3,1
2842,24,1
2843,13,1
2844,16,1
2845,22,1
2846,17,0
2847,18,1
2848,11,0
2849,10,1
2850,9,0
2851,0,0
2852,1,0
2853,6,1
2854,13,1
2855,8,1
2856,2,1
2857,22,1
2858,11,1
2859,12,1
2860,4,[]
2861,7,0
2862,18,1
2863,19,1
2864,5,0
2865,24,0
2866,21,0
2867,14,0
2868,10,0
2869,15,1
2870,16,1
2871,20,0
2872,3,1
2873,23,0
2874,17,1
2875,9,0
2876,5,1
2877,15,1
2878,21,0
2879,1,0
2880,10,1
2881,11,1
2882,16,0
2883,18,0
2884,22,1
2885,12,0
2886,14,[]
2887,3,0
2888,23,1
2889,20,1
2890,7,0
2891,17,0
2892,0,1
2893,19,1
2894,4,1
2895,8,1
2896,6,1
2897,24,1
2898,2,1
2899,13,1
2900,0,1
2901,17,1
2902,20,1
2903,1,0
2904,18,1
2905,22,1
2906,3,1
2907,16,1
2908,5,1
2909,24,1
2910,6,1
2911,11,1
2912,2,[]
2913,19,0
2914,4,1
2915,10,0
2916,8,1
2917,9,1
2918,12,1
2919,15,1
2920,14,1
2921,7,0
2922,23,0
2923,21,0
2924,13,0
2925,18,0
2926,4,0
2927,11,0
2928,5,1
2929,6,1
2930,8,1
2931,22,1
2932,1,1
2933,13,1
2934,19,1
2935,12,1
2936,21,1
2937,17,1
2938,9,[]
2939,10,1
2940,2,0
2941,16,1
2942,7,1
2943,20,1
2944,15,0
2945,14,0
2946,24,0
2947,0,1
2948,23,0
2949,3,1
2950,23,1
2951,1,0
2952,24,0
2953,9,0
2954,17,1
2955,14,1
2956,2,0
2957,3,1
2958,18,0
2959,7,0
2960,22,0
2961,15,0
2962,5,0
2963,12,1
2964,4,[]
2965,13,0
2966,16,1
2967,21,0
2968,19,1
2969,0,0
2970,6,1
2971,20,0
2972,11,0
2973,8,0
2974,10,0
2975,5,0
2976,9,0
2977,22,0
2978,0,1
2979,2,0
2980,23,1
2981,16,1
2982,4,1
2983,18,0
2984,21,1
2985,3,1
2986,1,0
2987,6,1
2988,12,0
2989,14,0
2990,19,[]
2991,10,1
2992,11,1
2993,13,1
2994,7,0
2995,24,0
2996,15,0
2997,20,1
2998,17,1
2999,8,0
3000,11,0
3001,16,1
3002,17,1
3003,13,1
3004,3,0
3005,1,0
3006,5,0
3007,14,0
3008,21,1
3009,22,1
3010,15,0
3011,7,1
3012,24,1
3013,4,1
3014,20,0
3015,18,0
3016,0,[]
3017,19,1
3018,6,0
3019,23,0
3020,8,0
3021,2,1
3022,12,0
3023,9,1
3024,10,1
3025,6,1
3026,9,1
3027,21,1
3028,3,0
3029,13,1
3030,5,0
3031,12,0
3032,17,0
3033,15,1
3034,10,0
3035,2,1
3036,0,1
3037,16,1
3038,19,0
3039,8,1
3040,4,1
3041,20,0
3042,18,[]
3043,1,0
3044,22,0
3045,24,0
3046,11,0
3047,14,1
3048,7,0
3049,23,0
3050,17,0
3051,13,0
3052,0,1
3053,9,1
3054,22,1
3055,5,0
3056,21,0
3057,8,0
3058,12,1
3059,19,1
3060,7,0
3061,24,0
3062,2,0
3063,23,1
3064,3,1
3065,6,1
3066,16,1
3067,18,1
3068,1,[]
3069,10,0
3070,14,0
3071,4,0
3072,15,0
3073,20,0
3074,11,0
3075,21,0
3076,23,0
3077,4,0
3078,18,0
3079,14,0
3080,24,0
3081,3,0
3082,17,1
3083,2,1
3084,0,0
3085,10,0
3086,22,0
3087,13,0
3088,5,0
3089,15,0
3090,6,0
3091,11,0
3092,19,0
3093,8,0
3094,16,[]
3095,20,1
3096,7,0
3097,1,0
3098,9,1
3099,12,1
3100,15,1
3101,16,1
3102,10,0
3103,2,1
3104,8,0
3105,22,1
3106,19,0
3107,23,1
3108,11,0
3109,13,0
3110,20,1
3111,5,0
3112,3,0
3113,0,0
3114,12,0
3115,4,1
3116,9,1
3117,21,0
3118,7,0
3119,14,0
3120,24,[]
3121,6,0
3122,18,1
3123,17,0
3124,1,0
3125,23,0
3126,13,0
3127,18,1
3128,20,1
3129,11,0
3130,17,0
3131,10,1
3132,14,0
3133,7,1
3134,22,1
3135,2,0
3136,4,0
3137,21,1
3138,6,1
3139,0,1
3140,15,0
3141,12,1
3142,8,1
3143,19,0
3144,1,0
3145,24,0
3146,16,[]
3147,3,1
3148,9,0
3149,5,0
3150,1,1
3151,24,0
3152,19,0
3153,7,0
3154,11,0
3155,6,1
3156,15,0
3157,9,0
3158,0,1
3159,8,1
3160,23,1
3161,3,1
3162,4,0
3163,16,0
3164,14,0
3165,2,0
3166,22,0
3167,20,1
3168,12,0
3169,21,0
3170,5,0
3171,17,0
3172,13,[]
3173,18,1
3174,10,1
3175,22,0
3176,24,1
3177,18,0
3178,0,1
3179,4,1
3180,7,0
3181,23,1
3182,11,0
3183,14,1
3184,20,0
3185,12,1
3186,8,0
3187,13,1
3188,16,0
3189,5,1
3190,15,0
3191,6,0
3192,9,0
3193,21,1
3194,17,1
3195,1,0
3196,3,1
3197,19,0
3198,10,[]
3199,2,0
3200,19,0
3201,18,1
3202,2,1
3203,20,0
3204,0,0
3205,24,1
3206,9,0
3207,17,0
3208,22,0
3209,6,0
3210,8,0
3211,12,1
3212,1,1
3213,7,1
3214,21,1
3215,23,1
3216,16,1
3217,15,1
3218,13,1
3219,4,0
3220,11,0
3221,10,0
3222,5,1
3223,14,0
3224,3,[]
3225,3,0
3226,9,1
3227,5,0
3228,7,1
3229,20,1
3230,21,0
3231,1,1
3232,0,0
3233,24,0
3234,11,1
3235,16,0
3236,4,1
3237,19,0
3238,15,1
3239,22,1
3240,8,1
3241,23,1
3242,17,1
3243,2,0
3244,18,1
3245,13,1
3246,12,1
3247,6,0
3248,10,1
3249,14,1
3250,20,[]
3251,3,0
3252,13,1
3253,19,0
3254,4,0
3255,9,0
3256,6,0
3257,0,1
3258,11,1
3259,21,0
3260,5,0
3261,14,1
3262,23,1
3263,18,1
3264,15,1
3265,16,0
3266,8,1
3267,22,0
3268,24,1
3269,12,1
3270,10,0
3271,1,1
3272,17,1
3273,2,0
3274,7,0
3275,0,0
3276,5,[]
3277,4,0
3278,11,1
3279,2,1
3280,20,0
3281,24,0
3282,15,1
3283,21,1
3284,8,0
3285,9,1
3286,10,1
3287,23,0
3288,14,0
3289,22,0
3290,18,0
3291,3,0
3292,1,0
3293,17,0
3294,6,0
3295,7,0
3296,13,0
3297,19,0
3298,16,0
3299,12,0
3300,14,0
3301,21,0
3302,0,[]
3303,19,0
3304,2,1
3305,11,0
3306,4,1
3307,23,1
3308,18,0
3309,10,0
3310,8,0
3311,16,0
3312,22,0
3313,12,0
3314,17,0
3315,1,0
3316,3,1
3317,15,1
3318,7,1
3319,24,1
3320,5,0
3321,6,0
3322,13,0
3323,9,0
3324,20,1
3325,11,1
3326,1,0
3327,21,0
3328,15,[]
3329,22,0
3330,10,1
3331,8,0
3332,24,0
3333,0,1
3334,4,1
3335,9,0
3336,20,0
3337,18,0
3338,5,1
3339,19,0
3340,12,0
3341,17,0
3342,6,0
3343,3,0
3344,16,0
3345,2,1
3346,7,1
3347,13,0
3348,23,0
3349,14,0
3350,2,0
3351,24,1
3352,4,0
3353,23,0
3354,14,[]
3355,9,1
3356,20,1
3357,1,1
3358,7,0
3359,11,0
3360,5,1
3361,13,0
3362,12,1
3363,22,1
3364,19,0
3365,17,1
3366,16,1
3367,6,1
3368,0,1
3369,3,0
3370,18,0
3371,10,0
3372,21,0
3373,15,1
3374,8,0
3375,19,0
3376,6,1
3377,13,1
3378,10,0
3379,21,1
3380,17,[]
3381,24,1
3382,5,1
3383,15,1
3384,2,1
3385,11,1
3386,16,0
3387,18,1
3388,20,1
3389,12,0
3390,22,0
3391,23,1
3392,14,1
3393,8,0
3394,7,0
3395,1,1
3396,9,1
3397,0,1
3398,3,0
3399,4,1
3400,4,0
3401,8,0
3402,11,0
3403,13,0
3404,19,1
3405,2,0
3406,23,[]
3407,3,1
3408,9,0
3409,14,0
3410,6,0
3411,7,0
3412,21,0
3413,0,1
3414,5,1
3415,17,1
3416,24,0
3417,1,0
3418,12,0
3419,22,0
3420,20,1
3421,15,0
3422,16,0
3423,18,0
3424,10,1
3425,15,0
3426,4,1
3427,17,0
3428,24,0
3429,14,1
3430,10,1
3431,22,0
3432,16,[]
3433,13,1
3434,3,1
3435,5,1
3436,0,1
3437,20,1
3438,7,0
3439,8,1
3440,11,0
3441,19,0
3442,21,0
3443,6,0
3444,12,1
3445,18,0
3446,9,1
3447,1,0
3448,23,0
3449,2,0
3450,22,1
3451,8,0
3452,6,1
3453,11,1
3454,12,1
3455,7,0
3456,16,0
3457,3,0
3458,1,[]
3459,4,1
3460,0,1
3461,9,1
3462,19,1
3463,13,0
3464,15,1
3465,24,1
3466,21,1
3467,17,0
3468,2,1
3469,23,1
3470,18,0
3471,20,0
3472,10,1
3473,14,1
3474,5,1
3475,13,1
3476,19,1
3477,8,1
3478,20,1
3479,18,0
3480,15,1
3481,9,1
3482,17,0
3483,5,1
3484,24,[]
3485,12,1
3486,14,1
3487,10,0
3488,21,0
3489,7,1
3490,0,1
3491,23,0
3492,16,0
3493,2,0
3494,22,1
3495,1,1
3496,6,1
3497,11,0
3498,4,0
3499,3,1
3500,0,0
3501,22,1
3502,10,1
3503,9,1
3504,13,0
3505,20,1
3506,8,0
3507,15,0
3508,1,1
3509,4,1
3510,14,[]
3511,21,0
3512,16,0
3513,6,0
3514,2,0
3515,7,1
3516,18,1
3517,12,1
3518,24,1
3519,17,1
3520,11,0
3521,23,1
3522,5,1
3523,3,0
3524,19,0
3525,22,0
3526,18,0
3527,13,0
3528,3,1
3529,1,1
3530,19,0
3531,8,1
3532,7,1
3533,16,1
3534,24,1
3535,14,1
3536,15,[]
3537,12,0
3538,21,0
3539,23,0
3540,5,0
3541,2,1
3542,9,0
3543,10,1
3544,17,0
3545,0,0
3546,20,0
3547,6,1
3548,4,0
3549,11,1
3550,0,0
3551,15,1
3552,13,0
3553,5,1
3554,18,0
3555,14,1
3556,24,0
3557,1,0
3558,8,1
3559,20,1
3560,16,0
3561,19,0
3562,6,[]
3563,10,1
3564,23,1
3565,0,0
3566,2,1
3567,3,1
3568,12,0
3569,21,0
3570,7,1
3571,11,0
3572,22,0
3573,9,0
3574,17,1
3575,4,0
3576,4,0
3577,11,0
3578,23,0
3579,0,1
3580,5,1
3581,10,1
3582,21,1
3583,1,0
3584,15,0
3585,9,0
3586,16,0
3587,18,1
3588,17,[]
3589,19,0
3590,22,1
3591,3,1
3592,6,0
3593,24,0
3594,13,0
3595,20,1
3596,2,1
3597,12,1
3598,8,1
3599,7,1
3600,14,0
3601,22,1
3602,24,0
3603,7,1
3604,11,1
3605,13,0
3606,10,0
3607,6,0
3608,20,1
3609,14,0
3610,1,0
3611,12,0
3612,5,1
3613,0,0
3614,19,[]
3615,2,1
3616,16,1
3617,8,1
3618,15,0
3619,18,0
3620,23,1
3621,21,0
3622,4,0
3623,3,0
3624,17,1
3625,9,1
3626,17,1
3627,4,0
3628,12,1
3629,18,0
3630,8,1
3631,22,1
3632,9,1
3633,1,1
3634,23,0
3635,6,0
3636,13,1
3637,21,0
3638,16,1
3639,20,0
3640,3,[]
3641,2,1
3642,24,0
3643,10,0
3644,5,0
3645,0,0
3646,19,1
3647,14,1
3648,7,1
3649,11,0
3650,15,1
3651,12,0
3652,23,1
3653,1,1
3654,19,1
3655,8,1
3656,9,0
3657,18,0
3658,21,0
3659,15,1
3660,24,0
3661,0,0
3662,5,0
3663,6,0
3664,20,0
3665,7,1
3666,14,[]
3667,3,0
3668,11,0
3669,22,0
3670,10,0
3671,2,0
3672,13,0
3673,4,0
3674,16,0
3675,17,0
3676,14,0
3677,12,0
3678,24,0
3679,11,0
3680,18,0
3681,22,0
3682,7,0
3683,3,0
3684,6,0
3685,20,1
3686,19,0
3687,16,0
3688,15,0
3689,21,0
3690,23,0
3691,8,0
3692,5,0
3693,13,[]
3694,10,1
3695,9,1
3696,17,0
3697,0,1
3698,2,1
3699,1,1
3700,4,1
3701,9,1
3702,21,1
3703,14,1
3704,1,0
3705,2,1
3706,15,0
3707,17,1
3708,24,1
3709,11,1
3710,23,1
3711,20,0
3712,13,0
3713,10,0
3714,19,1
3715,6,0
3716,5,0
3717,7,0
3718,18,0
3719,16,[]
3720,0,0
3721,4,0
3722,3,0
3723,22,0
3724,8,0
3725,12,1
3726,15,0
3727,9,0
3728,0,1
3729,5,1
3730,10,1
3731,20,0
3732,24,0
3733,3,1
3734,22,0
3735,7,0
3736,14,1
3737,1,1
3738,19,0
3739,8,0
3740,4,1
3741,21,0
3742,16,1
3743,11,0
3744,12,1
3745,18,[]
3746,23,0
3747,17,1
3748,6,0
3749,2,0
3750,13,0
3751,22,1
3752,4,1
3753,8,1
3754,20,1
3755,1,0
3756,24,0
3757,10,0
3758,9,1
3759,15,0
3760,11,1
3761,6,1
3762,0,1
3763,18,1
3764,23,0
3765,2,1
3766,14,1
3767,7,1
3768,12,1
3769,17,0
3770,21,0
3771,13,[]
3772,5,0
3773,3,0
3774,16,1
3775,19,0
3776,9,0
3777,8,0
3778,3,1
3779,13,0
3780,21,1
3781,5,1
3782,6,1
3783,20,0
3784,18,1
3785,11,1
3786,1,1
3787,19,0
3788,7,1
3789,22,0
3790,14,1
3791,2,1
3792,10,1
3793,17,1
3794,15,0
3795,16,0
3796,24,0
3797,23,[]
3798,4,0
3799,0,0
3800,12,0
3801,15,0
3802,11,0
3803,1,0
3804,13,0
3805,5,0
3806,9,1
3807,8,0
3808,0,0
3809,16,1
3810,21,1
3811,19,0
3812,7,1
3813,2,1
3814,18,0
3815,17,1
3816,14,1
3817,24,1
3818,20,1
3819,6,1
3820,3,0
3821,12,0
3822,23,0
3823,4,[]
3824,22,0
3825,10,0
3826,15,1
3827,0,1
3828,23,0
3829,14,0
3830,17,1
3831,21,0
3832,8,1
3833,1,1
3834,4,1
3835,3,1
3836,11,0
3837,12,0
3838,16,0
3839,9,0
3840,24,0
3841,18,1
3842,22,1
3843,19,0
3844,20,0
3845,7,0
3846,5,1
3847,10,1
3848,13,0
3849,6,[]
3850,2,0
3851,17,0
3852,6,1
3853,10,0
3854,3,1
3855,13,1
3856,15,0
3857,16,1
3858,0,0
3859,23,1
3860,5,0
3861,7,0
3862,14,0
3863,19,1
3864,1,1
3865,2,0
3866,4,0
3867,9,0
3868,8,1
3869,18,1
3870,21,1
3871,20,1
3872,24,0
3873,11,1
3874,22,1
3875,12,[]
3876,0,0
3877,23,0
3878,13,1
3879,10,1
3880,19,1
3881,3,1
3882,7,1
3883,11,1
3884,24,1
3885,20,0
3886,21,1
3887,6,1
3888,18,0
3889,8,0
3890,14,0
3891,12,1
3892,1,1
3893,4,1
3894,9,1
3895,15,1
3896,2,0
3897,17,0
3898,16,1
3899,22,1
3900,5,1
3901,8,[]
3902,10,1
3903,17,1
3904,6,0
3905,22,0
3906,7,0
3907,12,1
3908,21,0
3909,1,0
3910,4,0
3911,19,1
3912,15,0
3913,2,1
3914,24,0
3915,0,0
3916,5,1
3917,9,1
3918,3,0
3919,23,0
3920,20,1
3921,16,0
3922,13,1
3923,11,0
3924,14,1
3925,18,0
3926,18,1
3927,23,[]
3928,9,1
3929,13,0
3930,10,1
3931,15,0
3932,4,0
3933,8,1
3934,14,1
3935,3,0
3936,11,1
3937,17,0
3938,2,0
3939,5,0
3940,19,0
3941,6,0
3942,7,1
3943,12,0
3944,0,0
3945,24,0
3946,21,1
3947,1,1
3948,22,1
3949,20,1
3950,16,0
3951,24,1
3952,16,1
3953,6,[]
3954,13,0
3955,12,1
3956,21,0
3957,22,0
3958,3,1
3959,11,1
3960,10,0
3961,14,1
3962,15,1
3963,17,0
3964,19,0
3965,20,1
3966,9,1
3967,0,0
3968,7,0
3969,23,0
3970,5,1
3971,4,1
3972,1,1
3973,2,1
3974,18,0
3975,8,1
3976,22,1
3977,3,0
3978,11,0
3979,13,[]
3980,8,1
3981,12,1
3982,23,0
3983,15,0
3984,20,0
3985,2,1
3986,7,1
3987,14,0
3988,0,1
3989,18,0
3990,9,0
3991,16,0
3992,21,1
3993,17,1
3994,6,1
3995,5,0
3996,24,0
3997,1,0
3998,10,0
3999,4,0
4000,19,0
4001,5,0
4002,0,1
4003,8,1
4004,4,1
4005,10,[]
4006,6,1
4007,3,1
4008,21,0
4009,19,1
4010,23,1
4011,9,1
4012,16,1
4013,15,1
4014,17,0
4015,22,1
4016,20,0
4017,2,1
4018,12,1
4019,13,0
4020,11,1
4021,24,0
4022,7,0
4023,1,1
4024,14,0
4025,18,0
4026,10,1
4027,18,1
4028,4,1
4029,2,0
4030,23,0
4031,14,[]
4032,17,1
4033,7,0
4034,3,1
4035,16,0
4036,11,1
4037,20,0
4038,22,0
4039,19,1
4040,5,1
4041,24,0
4042,21,1
4043,6,0
4044,13,0
4045,0,1
4046,12,1
4047,15,0
4048,1,0
4049,9,1
4050,8,0
4051,12,1
4052,17,0
4053,22,0
4054,14,1
4055,2,0
4056,0,1
4057,8,[]
4058,3,1
4059,6,0
4060,19,0
4061,24,1
4062,5,0
4063,10,0
4064,9,0
4065,20,1
4066,4,0
4067,21,1
4068,16,1
4069,18,1
4070,7,0
4071,11,1
4072,15,1
4073,23,0
4074,13,0
4075,1,1
4076,21,0
4077,5,0
4078,14,1
4079,7,0
4080,9,0
4081,19,1
4082,11,0
4083,1,[]
4084,16,0
4085,10,0
4086,15,0
4087,6,0
4088,4,0
4089,18,1
4090,20,1
4091,24,1
4092,23,1
4093,13,0
4094,2,1
4095,17,1
4096,22,1
4097,3,1
4098,12,1
4099,0,1
4100,8,0
4101,3,1
4102,4,0
4103,21,1
4104,18,1
4105,7,0
4106,9,0
4107,16,0
4108,11,1
4109,19,[]
4110,22,1
4111,12,0
4112,8,1
4113,17,1
4114,13,0
4115,0,0
4116,23,1
4117,1,1
4118,14,1
4119,5,1
4120,6,1
4121,10,0
4122,2,1
4123,24,1
4124,20,0
4125,15,0
4126,12,1
4127,17,1
4128,2,0
4129,14,0
4130,15,0
4131,7,0
4132,4,0
4133,9,0
4134,23,1
4135,6,[]
4136,3,0
4137,10,1
4138,8,0
4139,13,0
4140,19,1
4141,24,1
4142,20,1
4143,16,1
4144,11,0
4145,21,0
4146,18,0
4147,1,1
4148,0,1
4149,22,0
4150,5,0
4151,1,1
4152,14,1
4153,2,0
4154,24,1
4155,13,0
4156,23,1
4157,4,0
4158,8,0
4159,3,1
4160,22,1
4161,6,[]
4162,7,0
4163,15,0
4164,11,1
4165,5,0
4166,19,1
4167,21,0
4168,12,1
4169,17,0
4170,9,0
4171,0,1
4172,20,0
4173,16,1
4174,18,0
4175,10,0
4176,10,0
4177,20,0
4178,8,1
4179,22,0
4180,15,1
4181,9,1
4182,21,0
4183,13,1
4184,12,0
4185,3,0
4186,0,0
4187,2,[]
4188,16,0
4189,14,0
4190,7,1
4191,5,0
4192,24,0
4193,19,1
4194,23,0
4195,1,0
4196,17,1
4197,11,1
4198,4,0
4199,6,0
4200,18,0
4201,19,1
4202,16,1
4203,17,1
4204,5,1
4205,7,1
4206,3,0
4207,15,1
4208,18,0
4209,20,1
4210,1,0
4211,14,0
4212,12,0
4213,6,[]
4214,4,1
4215,13,1
4216,0,0
4217,22,1
4218,9,0
4219,8,1
4220,24,1
4221,10,1
4222,23,1
4223,2,0
4224,11,1
4225,21,1
4226,24,0
4227,8,1
4228,11,0
4229,20,1
4230,2,1
4231,17,1
4232,23,0
4233,9,0
4234,16,0
4235,4,1
4236,19,0
4237,7,0
4238,15,0
4239,6,[]
4240,21,0
4241,5,0
4242,3,1
4243,0,1
4244,18,0
4245,12,1
4246,14,0
4247,13,0
4248,22,1
4249,1,0
4250,10,1
4251,23,1
4252,5,1
4253,9,1
4254,12,1
4255,10,1
4256,20,1
4257,1,0
4258,19,1
4259,14,0
4260,2,0
4261,15,0
4262,11,0
4263,3,1
4264,8,1
4265,17,[]
4266,7,1
4267,18,0
4268,21,1
4269,13,0
4270,0,0
4271,22,1
4272,6,0
4273,4,0
4274,16,1
4275,24,0
4276,22,0
4277,16,0
4278,20,1
4279,17,0
4280,5,1
4281,15,0
4282,14,0
4283,24,0
4284,12,1
4285,19,0
4286,1,1
4287,8,1
4288,10,0
4289,13,1
4290,11,1
4291,23,[]
4292,6,1
4293,2,0
4294,21,0
4295,7,1
4296,4,1
4297,18,0
4298,9,1
4299,0,0
4300,3,1
4301,9,1
4302,14,1
4303,21,0
4304,24,1
4305,18,0
4306,12,1
4307,6,1
4308,2,0
4309,22,1
4310,1,0
4311,3,1
4312,15,0
4313,17,0
4314,5,1
4315,13,0
4316,11,0
4317,19,[]
4318,8,1
4319,23,1
4320,0,0
4321,7,1
4322,16,1
4323,4,1
4324,20,0
4325,10,0
4326,22,0
4327,8,0
4328,19,1
4329,1,0
4330,10,1
4331,24,0
4332,6,0
4333,3,0
4334,7,0
4335,20,0
4336,11,0
4337,13,0
4338,17,1
4339,15,0
4340,18,1
4341,4,1
4342,14,1
4343,2,[]
4344,5,0
4345,23,0
4346,9,0
4347,12,0
4348,21,0
4349,0,1
4350,16,1
4351,17,0
4352,9,0
4353,0,0
4354,2,0
4355,8,0
4356,10,0
4357,24,0
4358,11,0
4359,21,0
4360,1,0
4361,19,0
4362,13,1
4363,5,0
4364,14,0
4365,16,0
4366,18,0
4367,12,0
4368,6,0
4369,22,[]
4370,3,0
4371,23,1
4372,20,0
4373,7,1
4374,15,0
4375,4,0
4376,10,1
4377,5,1
4378,4,1
4379,12,0
4380,8,1
4381,15,0
4382,6,1
4383,22,0
4384,23,0
4385,17,1
4386,13,0
4387,14,0
4388,18,1
4389,7,1
4390,24,0
4391,9,1
4392,16,0
4393,1,0
4394,11,0
4395,19,[]
4396,20,1
4397,21,0
4398,0,0
4399,2,0
4400,3,1
4401,23,0
4402,9,0
4403,4,0
4404,1,1
4405,21,0
4406,17,0
4407,22,0
4408,12,1
4409,16,1
4410,20,1
4411,19,1
4412,14,1
4413,11,1
4414,0,0
4415,7,1
4416,10,0
4417,6,1
4418,2,0
4419,15,0
4420,8,1
4421,3,[]
4422,13,0
4423,24,1
4424,5,0
4425,18,1
4426,23,0
4427,17,0
4428,0,0
4429,10,1
4430,21,0
4431,6,0
4432,13,1
4433,2,0
4434,12,1
4435,15,1
4436,19,0
4437,14,0
4438,4,0
4439,22,1
4440,5,0
4441,3,1
4442,24,0
4443,18,1
4444,8,1
4445,7,1
4446,20,1
4447,16,[]
4448,1,0
4449,11,1
4450,9,0
4451,22,0
4452,24,0
4453,12,0
4454,7,1
4455,23,1
4456,5,0
4457,6,1
4458,15,0
4459,9,0
4460,16,0
4461,2,0
4462,8,0
4463,11,0
4464,21,1
4465,17,0
4466,19,0
4467,18,0
4468,1,0
4469,13,0
4470,14,0
4471,10,1
4472,4,1
4473,20,[]
4474,3,1
4475,0,1
4476,10,0
4477,18,1
4478,1,1
4479,22,0
4480,6,1
4481,0,0
4482,5,0
4483,3,1
4484,11,0
4485,8,1
4486,19,0
4487,2,0
4488,7,1
4489,12,0
4490,15,0
4491,23,1
4492,13,1
4493,9,1
4494,21,0
4495,17,1
4496,14,1
4497,16,0
4498,20,0
4499,4,[]
4500,24,0
4501,8,1
4502,15,1
4503,7,0
4504,0,1
4505,19,1
4506,13,1
4507,16,0
4508,14,0
4509,23,0
4510,24,1
4511,2,1
4512,11,1
4513,10,1
4514,1,0
4515,22,0
4516,18,1
4517,12,0
4518,5,0
4519,17,0
4520,21,1
4521,4,0
4522,20,1
4523,3,1
4524,6,1
4525,9,[]
4526,7,0
4527,5,0
4528,9,1
4529,6,1
4530,14,1
4531,2,0
4532,21,1
4533,11,0
4534,8,1
4535,12,0
4536,15,1
4537,23,0
4538,19,0
4539,20,1
4540,17,1
4541,1,0
4542,4,1
4543,0,1
4544,24,0
4545,22,1
4546,3,1
4547,16,0
4548,10,0
4549,18,1
4550,13,1
4551,18,[]
4552,12,0
4553,5,1
4554,21,0
4555,7,0
4556,11,1
4557,19,1
4558,10,1
4559,0,0
4560,1,1
4561,4,0
4562,14,0
4563,15,1
4564,24,0
4565,2,0
4566,22,1
4567,8,0
4568,23,1
4569,20,0
4570,13,0
4571,3,1
4572,17,0
4573,16,1
4574,6,1
4575,9,0
4576,9,1
4577,1,[]
4578,18,0
4579,10,0
4580,7,0
4581,22,0
4582,5,1
4583,14,0
4584,16,0
4585,24,1
4586,8,1
4587,6,0
4588,2,1
4589,19,1
4590,4,0
4591,13,1
4592,21,0
4593,23,0
4594,0,1
4595,12,1
4596,15,1
4597,3,0
4598,20,0
4599,11,0
4600,17,1
4601,8,1
4602,6,0
4603,18,[]
4604,4,0
4605,2,0
4606,24,0
4607,22,0
4608,16,0
4609,0,1
4610,13,0
4611,11,1
4612,1,0
4613,12,1
4614,7,1
4615,15,1
4616,23,1
4617,14,0
4618,5,0
4619,21,0
4620,10,0
4621,3,0
4622,19,0
4623,17,0
4624,20,0
4625,9,1
4626,18,1
4627,23,1
4628,21,0
4629,13,[]
4630,11,1
4631,3,0
4632,9,1
4633,24,0
4634,17,1
4635,4,0
4636,16,1
4637,6,0
4638,19,0
4639,5,0
4640,20,1
4641,22,0
4642,14,1
4643,12,0
4644,0,0
4645,1,1
4646,15,0
4647,7,1
4648,10,0
4649,2,1
4650,8,0
4651,6,0
4652,21,1
4653,7,0
4654,18,1
4655,9,[]
4656,12,0
4657,22,0
4658,24,1
4659,15,0
4660,8,1
4661,11,1
4662,3,0
4663,17,1
4664,1,0
4665,4,0
4666,2,1
4667,16,0
4668,14,0
4669,10,0
4670,0,1
4671,19,0
4672,5,0
4673,13,0
4674,20,1
4675,23,0
4676,13,1
4677,4,1
4678,10,0
4679,8,1
4680,3,1
4681,12,[]
4682,17,1
4683,21,1
4684,22,0
4685,5,0
4686,6,1
4687,11,0
4688,1,1
4689,20,1
4690,14,1
4691,9,0
4692,0,1
4693,16,0
4694,19,0
4695,23,0
4696,15,1
4697,18,0
4698,7,0
4699,24,1
4700,2,0
4701,4,0
4702,23,1
4703,8,0
4704,20,1
4705,18,1
4706,21,1
4707,2,[]
4708,19,0
4709,9,1
4710,11,0
4711,13,0
4712,15,1
4713,3,0
4714,10,0
4715,0,0
4716,6,1
4717,7,0
4718,24,0
4719,22,0
4720,14,1
4721,17,0
4722,12,0
4723,1,0
4724,16,0
4725,5,1
4726,5,0
4727,17,1
4728,2,0
4729,7,0
4730,1,0
4731,8,1
4732,6,0
4733,13,[]
4734,11,1
4735,19,0
4736,15,1
4737,3,1
4738,10,0
4739,0,0
4740,9,1
4741,22,0
4742,12,1
4743,20,1
4744,4,0
4745,14,1
4746,18,1
4747,23,1
4748,21,0
4749,16,0
4750,24,0
4751,5,0
4752,0,0
4753,6,0
4754,11,0
4755,9,0
4756,23,1
4757,22,1
4758,18,0
4759,12,[]
4760,1,1
4761,4,0
4762,16,0
4763,13,0
4764,8,0
4765,24,0
4766,21,1
4767,14,1
4768,15,1
4769,19,1
4770,7,0
4771,3,1
4772,17,0
4773,10,1
4774,2,1
4775,20,1
4776,8,1
4777,9,0
4778,24,1
4779,22,0
4780,4,1
4781,1,0
4782,14,1
4783,7,0
4784,3,0
4785,16,[]
4786,5,1
4787,15,1
4788,17,1
4789,13,0
4790,11,1
4791,2,1
4792,20,0
4793,21,1
4794,23,1
4795,10,1
4796,6,1
4797,0,0
4798,12,0
4799,19,0
4800,18,1
4801,11,1
4802,21,1
4803,14,0
4804,0,1
4805,13,1
4806,4,1
4807,3,0
4808,17,0
4809,9,1
4810,7,0
4811,20,[]
4812,1,0
4813,15,0
4814,24,1
4815,22,0
4816,23,0
4817,18,1
4818,8,0
4819,12,1
4820,6,0
4821,5,0
4822,16,1
4823,2,1
4824,19,1
4825,10,0
4826,20,1
4827,11,0
4828,3,1
4829,22,1
4830,15,1
4831,24,0
4832,9,1
4833,0,0
4834,10,1
4835,17,0
4836,18,0
4837,2,[]
4838,8,0
4839,5,0
4840,12,1
4841,1,0
4842,6,1
4843,14,0
4844,4,0
4845,23,1
4846,19,1
4847,13,1
4848,21,1
4849,16,1
4850,7,1
4851,20,0
4852,5,0
4853,2,1
4854,22,1
4855,18,1
4856,23,1
4857,16,0
4858,0,1
4859,8,1
4860,6,1
4861,4,1
4862,13,0
4863,9,[]
4864,14,0
4865,10,1
4866,3,0
4867,7,1
4868,15,1
4869,1,1
4870,24,0
4871,19,0
4872,21,0
4873,12,1
4874,11,1
4875,17,1
4876,20,0
4877,5,0
4878,21,1
4879,11,1
4880,6,0
4881,23,1
4882,0,1
4883,16,0
4884,15,1
4885,7,0
4886,24,1
4887,17,1
4888,1,1
4889,4,[]
4890,12,0
4891,2,0
4892,14,0
4893,13,0
4894,8,0
4895,22,0
4896,18,0
4897,19,0
4898,10,0
4899,9,0
4900,3,0
4901,16,0
4902,13,0
4903,24,0
4904,18,0
4905,4,0
4906,6,0
4907,17,0
4908,22,0
4909,0,0
4910,11,0
4911,23,0
4912,9,0
4913,5,0
4914,19,0
4915,10,[]
4916,1,1
4917,7,0
4918,12,0
4919,20,0
4920,15,0
4921,14,1
4922,3,1
4923,8,1
4924,2,1
4925,21,0
4926,17,1
4927,13,1
4928,7,1
4929,15,1
4930,20,1
4931,8,0
4932,9,1
4933,2,1
4934,3,1
4935,19,1
4936,21,1
4937,4,1
4938,23,1
4939,11,1
4940,24,1
4941,0,[]
4942,5,0
4943,6,1
4944,16,1
4945,18,1
4946,14,0
4947,1,1
4948,10,0
4949,12,0
4950,22,0
4951,23,0
4952,6,1
4953,15,1
4954,1,1
4955,21,1
4956,2,1
4957,22,1
4958,4,1
4959,7,0
4960,11,1
4961,18,1
4962,3,0
4963,24,1
4964,9,0
4965,20,0
4966,5,0
4967,12,[]
4968,10,0
4969,0,1
4970,16,0
4971,13,1
4972,14,1
4973,17,0
4974,19,0
4975,8,1
